ISO-10303-21;
HEADER;
FILE_DESCRIPTION(('ViewDefinition[DesignTransferView]'),'2;1');
FILE_NAME('/dev/null','2026-05-10T17:49:42+09:00',(''),(''),'IfcOpenShell 0.8.5','IfcOpenShell 0.8.5','Nobody');
FILE_SCHEMA(('IFC4'));
ENDSEC;
DATA;
#1=IFCPERSON('yuki','Hamada','Yuki',$,$,$,$,$);
#2=IFCORGANIZATION('ENABLER','Enabler Inc.',$,$,$);
#3=IFCPERSONANDORGANIZATION(#1,#2,$);
#4=IFCAPPLICATION(#2,'0.2','Farnsworth IFC Generator v2','ENABLER-FARNSWORTH-V2');
#5=IFCOWNERHISTORY(#3,#4,.READWRITE.,.ADDED.,1778402982,#3,#4,1778402982);
#6=IFCOWNERHISTORY(#3,#4,.READWRITE.,.ADDED.,1778402982,#3,#4,1778402982);
#7=IFCPROJECT('1QuBUIpGf1EwqLqToBUGfh',#6,'Farnsworth House',$,$,'Farnsworth House \X2\2014\X0\ Mies van der Rohe, 1951','As-built reference (LOD 350)',(#16,#21),#11);
#8=IFCSIUNIT(*,.LENGTHUNIT.,$,.METRE.);
#9=IFCSIUNIT(*,.AREAUNIT.,$,.SQUARE_METRE.);
#10=IFCSIUNIT(*,.VOLUMEUNIT.,$,.CUBIC_METRE.);
#11=IFCUNITASSIGNMENT((#8,#9,#10));
#12=IFCCARTESIANPOINT((0.,0.,0.));
#13=IFCDIRECTION((0.,0.,1.));
#14=IFCDIRECTION((1.,0.,0.));
#15=IFCAXIS2PLACEMENT3D(#12,#13,#14);
#16=IFCGEOMETRICREPRESENTATIONCONTEXT($,'Model',3,1.0000000000000001E-05,#15,$);
#17=IFCGEOMETRICREPRESENTATIONSUBCONTEXT('Body','Model',*,*,*,*,#16,$,.MODEL_VIEW.,$);
#18=IFCCARTESIANPOINT((0.,0.));
#19=IFCDIRECTION((1.,0.));
#20=IFCAXIS2PLACEMENT2D(#18,#19);
#21=IFCGEOMETRICREPRESENTATIONCONTEXT($,'Plan',2,1.0000000000000001E-05,#20,$);
#22=IFCGEOMETRICREPRESENTATIONSUBCONTEXT('FootPrint','Plan',*,*,*,*,#21,$,.PLAN_VIEW.,$);
#23=IFCGEOMETRICREPRESENTATIONSUBCONTEXT('Annotation','Plan',*,*,*,*,#21,$,.PLAN_VIEW.,$);
#24=IFCOWNERHISTORY(#3,#4,.READWRITE.,.MODIFIED.,1778402982,#3,#4,1778402982);
#25=IFCSITE('2UM$$kJKr24u1KFoAt3vfx',#24,'Plano, Illinois',$,$,#72,$,'Fox River, Plano, Illinois, USA',.ELEMENT.,(41,39,49),(-88,-32,-10),173.,$,$);
#31=IFCOWNERHISTORY(#3,#4,.READWRITE.,.MODIFIED.,1778402982,#3,#4,1778402982);
#32=IFCBUILDING('25ap_nn8rAzhxobiSNXNSN',#31,'Farnsworth House',$,$,#84,$,$,.ELEMENT.,$,$,$);
#38=IFCOWNERHISTORY(#3,#4,.READWRITE.,.MODIFIED.,1778402982,#3,#4,1778402982);
#39=IFCBUILDINGSTOREY('2PCqjdoA1AjBpt$MXIq_N1',#38,'Grade',$,$,#121,$,$,.ELEMENT.,0.);
#45=IFCOWNERHISTORY(#3,#4,.READWRITE.,.MODIFIED.,1778402982,#3,#4,1778402982);
#46=IFCBUILDINGSTOREY('28ytvUeLz3ROI_eJ8MCDnq',#45,'Terrace Level',$,$,#111,$,$,.ELEMENT.,0.80000000000000004);
#52=IFCOWNERHISTORY(#3,#4,.READWRITE.,.MODIFIED.,1778402982,#3,#4,1778402982);
#53=IFCBUILDINGSTOREY('3PVaCrO6b6$wpp7Z7GPnOW',#52,'Main Floor',$,$,#126,$,$,.ELEMENT.,1.6000000000000001);
#59=IFCOWNERHISTORY(#3,#4,.READWRITE.,.MODIFIED.,1778402982,#3,#4,1778402982);
#60=IFCBUILDINGSTOREY('3l6aHcGFH5b8LEzCn0ihhm',#59,'Roof',$,$,#116,$,$,.ELEMENT.,4.75);
#66=IFCOWNERHISTORY(#3,#4,.READWRITE.,.ADDED.,1778402982,#3,#4,1778402982);
#67=IFCRELAGGREGATES('226Fy3vMn35vP8PT7EA79a',#66,$,$,#7,(#25));
#68=IFCCARTESIANPOINT((0.,0.,0.));
#69=IFCDIRECTION((0.,0.,1.));
#70=IFCDIRECTION((1.,0.,0.));
#71=IFCAXIS2PLACEMENT3D(#68,#69,#70);
#72=IFCLOCALPLACEMENT($,#71);
#78=IFCOWNERHISTORY(#3,#4,.READWRITE.,.ADDED.,1778402982,#3,#4,1778402982);
#79=IFCRELAGGREGATES('0XXjRZI1vFs9jgOelgYA$O',#78,$,$,#25,(#32));
#80=IFCCARTESIANPOINT((0.,0.,0.));
#81=IFCDIRECTION((0.,0.,1.));
#82=IFCDIRECTION((1.,0.,0.));
#83=IFCAXIS2PLACEMENT3D(#80,#81,#82);
#84=IFCLOCALPLACEMENT(#72,#83);
#105=IFCOWNERHISTORY(#3,#4,.READWRITE.,.ADDED.,1778402982,#3,#4,1778402982);
#106=IFCRELAGGREGATES('2MZuSCjIfB58vWRt$Ke8H8',#105,$,$,#32,(#46,#60,#39,#53));
#107=IFCCARTESIANPOINT((0.,0.,0.80000000000000004));
#108=IFCDIRECTION((0.,0.,1.));
#109=IFCDIRECTION((1.,0.,0.));
#110=IFCAXIS2PLACEMENT3D(#107,#108,#109);
#111=IFCLOCALPLACEMENT(#84,#110);
#112=IFCCARTESIANPOINT((0.,0.,4.75));
#113=IFCDIRECTION((0.,0.,1.));
#114=IFCDIRECTION((1.,0.,0.));
#115=IFCAXIS2PLACEMENT3D(#112,#113,#114);
#116=IFCLOCALPLACEMENT(#84,#115);
#117=IFCCARTESIANPOINT((0.,0.,0.));
#118=IFCDIRECTION((0.,0.,1.));
#119=IFCDIRECTION((1.,0.,0.));
#120=IFCAXIS2PLACEMENT3D(#117,#118,#119);
#121=IFCLOCALPLACEMENT(#84,#120);
#122=IFCCARTESIANPOINT((0.,0.,1.6000000000000001));
#123=IFCDIRECTION((0.,0.,1.));
#124=IFCDIRECTION((1.,0.,0.));
#125=IFCAXIS2PLACEMENT3D(#122,#123,#124);
#126=IFCLOCALPLACEMENT(#84,#125);
#127=IFCMATERIAL('Travertine',$,'stone');
#128=IFCMATERIAL('Reinforced Concrete',$,'concrete');
#129=IFCMATERIAL('Structural Steel - White',$,'steel');
#130=IFCMATERIAL('Float Glass 25mm',$,'glass');
#131=IFCMATERIAL('Stainless Steel',$,'steel');
#132=IFCMATERIAL('Roof Membrane',$,'other');
#133=IFCMATERIAL('Rigid Insulation',$,'insulation');
#134=IFCMATERIAL('Topsoil/Meadow',$,'soil');
#135=IFCMATERIAL('White Oak',$,'wood');
#136=IFCCOLOURRGB('Travertine',0.85999999999999999,0.81000000000000005,0.71999999999999997);
#137=IFCSURFACESTYLESHADING(#136,0.);
#138=IFCSURFACESTYLE('Travertine',.BOTH.,(#137));
#139=IFCPRESENTATIONSTYLEASSIGNMENT((#138));
#140=IFCSTYLEDITEM($,(#139),$);
#141=IFCSTYLEDREPRESENTATION(#17,$,$,(#140));
#142=IFCMATERIALDEFINITIONREPRESENTATION('Travertine',$,(#141),#127);
#143=IFCCOLOURRGB('Reinforced Concrete',0.78000000000000003,0.76000000000000001,0.71999999999999997);
#144=IFCSURFACESTYLESHADING(#143,0.);
#145=IFCSURFACESTYLE('Reinforced Concrete',.BOTH.,(#144));
#146=IFCPRESENTATIONSTYLEASSIGNMENT((#145));
#147=IFCSTYLEDITEM($,(#146),$);
#148=IFCSTYLEDREPRESENTATION(#17,$,$,(#147));
#149=IFCMATERIALDEFINITIONREPRESENTATION('Reinforced Concrete',$,(#148),#128);
#150=IFCCOLOURRGB('Structural Steel - White',0.94999999999999996,0.94999999999999996,0.93000000000000005);
#151=IFCSURFACESTYLESHADING(#150,0.);
#152=IFCSURFACESTYLE('Structural Steel - White',.BOTH.,(#151));
#153=IFCPRESENTATIONSTYLEASSIGNMENT((#152));
#154=IFCSTYLEDITEM($,(#153),$);
#155=IFCSTYLEDREPRESENTATION(#17,$,$,(#154));
#156=IFCMATERIALDEFINITIONREPRESENTATION('Structural Steel - White',$,(#155),#129);
#157=IFCCOLOURRGB('Float Glass 25mm',0.65000000000000002,0.78000000000000003,0.84999999999999998);
#158=IFCSURFACESTYLESHADING(#157,0.69999999999999996);
#159=IFCSURFACESTYLE('Float Glass 25mm',.BOTH.,(#158));
#160=IFCPRESENTATIONSTYLEASSIGNMENT((#159));
#161=IFCSTYLEDITEM($,(#160),$);
#162=IFCSTYLEDREPRESENTATION(#17,$,$,(#161));
#163=IFCMATERIALDEFINITIONREPRESENTATION('Float Glass 25mm',$,(#162),#130);
#164=IFCCOLOURRGB('Stainless Steel',0.81999999999999995,0.82999999999999996,0.84999999999999998);
#165=IFCSURFACESTYLESHADING(#164,0.);
#166=IFCSURFACESTYLE('Stainless Steel',.BOTH.,(#165));
#167=IFCPRESENTATIONSTYLEASSIGNMENT((#166));
#168=IFCSTYLEDITEM($,(#167),$);
#169=IFCSTYLEDREPRESENTATION(#17,$,$,(#168));
#170=IFCMATERIALDEFINITIONREPRESENTATION('Stainless Steel',$,(#169),#131);
#171=IFCCOLOURRGB('Roof Membrane',0.29999999999999999,0.29999999999999999,0.32000000000000001);
#172=IFCSURFACESTYLESHADING(#171,0.);
#173=IFCSURFACESTYLE('Roof Membrane',.BOTH.,(#172));
#174=IFCPRESENTATIONSTYLEASSIGNMENT((#173));
#175=IFCSTYLEDITEM($,(#174),$);
#176=IFCSTYLEDREPRESENTATION(#17,$,$,(#175));
#177=IFCMATERIALDEFINITIONREPRESENTATION('Roof Membrane',$,(#176),#132);
#178=IFCCOLOURRGB('Rigid Insulation',1.,0.94999999999999996,0.62);
#179=IFCSURFACESTYLESHADING(#178,0.);
#180=IFCSURFACESTYLE('Rigid Insulation',.BOTH.,(#179));
#181=IFCPRESENTATIONSTYLEASSIGNMENT((#180));
#182=IFCSTYLEDITEM($,(#181),$);
#183=IFCSTYLEDREPRESENTATION(#17,$,$,(#182));
#184=IFCMATERIALDEFINITIONREPRESENTATION('Rigid Insulation',$,(#183),#133);
#185=IFCCOLOURRGB('Topsoil/Meadow',0.45000000000000001,0.55000000000000004,0.29999999999999999);
#186=IFCSURFACESTYLESHADING(#185,0.);
#187=IFCSURFACESTYLE('Topsoil/Meadow',.BOTH.,(#186));
#188=IFCPRESENTATIONSTYLEASSIGNMENT((#187));
#189=IFCSTYLEDITEM($,(#188),$);
#190=IFCSTYLEDREPRESENTATION(#17,$,$,(#189));
#191=IFCMATERIALDEFINITIONREPRESENTATION('Topsoil/Meadow',$,(#190),#134);
#192=IFCCOLOURRGB('White Oak',0.78000000000000003,0.62,0.38);
#193=IFCSURFACESTYLESHADING(#192,0.);
#194=IFCSURFACESTYLE('White Oak',.BOTH.,(#193));
#195=IFCPRESENTATIONSTYLEASSIGNMENT((#194));
#196=IFCSTYLEDITEM($,(#195),$);
#197=IFCSTYLEDREPRESENTATION(#17,$,$,(#196));
#198=IFCMATERIALDEFINITIONREPRESENTATION('White Oak',$,(#197),#135);
#199=IFCMATERIALLAYER(#127,0.050000000000000003,.F.,'Travertine',$,$,$);
#200=IFCMATERIALLAYER(#128,0.20000000000000001,.F.,'Reinforced Concrete',$,$,$);
#201=IFCMATERIALLAYER(#133,0.050000000000000003,.F.,'Rigid Insulation',$,$,$);
#202=IFCMATERIALLAYERSET((#199,#200,#201),'FLOOR-300',$);
#203=IFCMATERIALLAYER(#132,0.01,.F.,'Roof Membrane',$,$,$);
#204=IFCMATERIALLAYER(#128,0.20000000000000001,.F.,'Reinforced Concrete',$,$,$);
#205=IFCMATERIALLAYER(#133,0.040000000000000001,.F.,'Rigid Insulation',$,$,$);
#206=IFCMATERIALLAYERSET((#203,#204,#205),'ROOF-250',$);
#207=IFCMATERIALLAYER(#127,0.050000000000000003,.F.,'Travertine',$,$,$);
#208=IFCMATERIALLAYER(#128,0.20000000000000001,.F.,'Reinforced Concrete',$,$,$);
#209=IFCMATERIALLAYERSET((#207,#208),'TERRACE-250',$);
#210=IFCCARTESIANPOINT((0.,0.));
#211=IFCDIRECTION((1.,0.));
#212=IFCAXIS2PLACEMENT2D(#210,#211);
#213=IFCISHAPEPROFILEDEF(.AREA.,'W8x48',#212,0.2064,0.21590000000000001,0.010160000000000001,0.017399999999999999,0.0094999999999999998,$,$);
#214=IFCMATERIALPROFILE('W8x48-STEEL',$,#129,#213,0,'STRUCTURAL');
#215=IFCMATERIALPROFILESET('W8x48-STEEL',$,(#214),$);
#216=IFCOWNERHISTORY(#3,#4,.READWRITE.,.ADDED.,1778402982,#3,#4,1778402982);
#217=IFCSLABTYPE('2ctzb$1ljC9vrGBILDNz3n',#216,'FLOOR-300',$,$,$,$,$,$,.FLOOR.);
#218=IFCOWNERHISTORY(#3,#4,.READWRITE.,.ADDED.,1778402982,#3,#4,1778402982);
#219=IFCSLABTYPE('0iAZjEreH5mPocm1h4QWVZ',#218,'ROOF-250',$,$,$,$,$,$,.ROOF.);
#220=IFCOWNERHISTORY(#3,#4,.READWRITE.,.ADDED.,1778402982,#3,#4,1778402982);
#221=IFCSLABTYPE('29waU$TQr6ivDCCtR_JF9h',#220,'TERRACE-250',$,$,$,$,$,$,.FLOOR.);
#222=IFCOWNERHISTORY(#3,#4,.READWRITE.,.ADDED.,1778402982,#3,#4,1778402982);
#223=IFCSLABTYPE('1uRA0x$4H65wxh6uhXm0iA',#222,'GROUND-200',$,$,$,$,$,$,.BASESLAB.);
#224=IFCOWNERHISTORY(#3,#4,.READWRITE.,.ADDED.,1778402982,#3,#4,1778402982);
#225=IFCCOLUMNTYPE('1zMScXQPX1dOwiLJOM3KKy',#224,'W8x48-WHITE',$,$,$,$,$,$,.COLUMN.);
#226=IFCOWNERHISTORY(#3,#4,.READWRITE.,.ADDED.,1778402982,#3,#4,1778402982);
#227=IFCCURTAINWALLTYPE('0eZLdaenr6gxo3hgjpsIIm',#226,'GLASS-CW-2900',$,$,$,$,$,$,.NOTDEFINED.);
#228=IFCOWNERHISTORY(#3,#4,.READWRITE.,.ADDED.,1778402982,#3,#4,1778402982);
#229=IFCMEMBERTYPE('2ZCOAQnzD3jxId7ISgyau_',#228,'SS-MULLION-50',$,$,$,$,$,$,.MULLION.);
#230=IFCOWNERHISTORY(#3,#4,.READWRITE.,.ADDED.,1778402982,#3,#4,1778402982);
#231=IFCPLATETYPE('1u8gPxQ9v6hRhNSoQDA0fP',#230,'GLASS-PLATE-25',$,$,$,$,$,$,.CURTAIN_PANEL.);
#232=IFCOWNERHISTORY(#3,#4,.READWRITE.,.ADDED.,1778402982,#3,#4,1778402982);
#233=IFCDOORTYPE('3cfaR1Ogr7SPqPP197DOyv',#232,'PIVOT-DOOR-900',$,$,$,$,$,$,.DOOR.,.NOTDEFINED.,$,$);
#234=IFCOWNERHISTORY(#3,#4,.READWRITE.,.ADDED.,1778402982,#3,#4,1778402982);
#235=IFCSTAIRTYPE('3$xh1Wk3X2vxvC$edFBv2Y',#234,'STAIR-FLOATING',$,$,$,$,$,$,.STRAIGHT_RUN_STAIR.);
#236=IFCOWNERHISTORY(#3,#4,.READWRITE.,.ADDED.,1778402982,#3,#4,1778402982);
#237=IFCSTAIRFLIGHTTYPE('2BfiR3Hl1CyeVONNxXaO0c',#236,'FLIGHT-160-280',$,$,$,$,$,$,.STRAIGHT.);
#238=IFCOWNERHISTORY(#3,#4,.READWRITE.,.ADDED.,1778402982,#3,#4,1778402982);
#239=IFCRAILINGTYPE('0XIK$4Tw5AjBhFmwV7tANn',#238,'STAINLESS-RAILING',$,$,$,$,$,$,.GUARDRAIL.);
#240=IFCOWNERHISTORY(#3,#4,.READWRITE.,.ADDED.,1778402982,#3,#4,1778402982);
#241=IFCSPACETYPE('0pvI2khJHE1f$vcdvnTrLc',#240,'PAVILION-LIVING',$,$,$,$,$,$,.SPACE.,$);
#242=IFCMATERIALLAYERSETUSAGE(#202,.AXIS3.,.POSITIVE.,-0.29999999999999999,$);
#243=IFCRELASSOCIATESMATERIAL('35Uw9eKdzDVefrLazYHQb7',#5,$,$,(#217),#242);
#244=IFCMATERIALLAYERSETUSAGE(#206,.AXIS3.,.POSITIVE.,-0.25,$);
#245=IFCRELASSOCIATESMATERIAL('2ghASVc$f2FAbAykvmoEUN',#5,$,$,(#219),#244);
#246=IFCMATERIALLAYERSETUSAGE(#209,.AXIS3.,.POSITIVE.,-0.25,$);
#247=IFCRELASSOCIATESMATERIAL('0ruxAWlLTEkvtR4PffYWDl',#5,$,$,(#221),#246);
#248=IFCRELASSOCIATESMATERIAL('1lG31GmrTCfB4bkGeiiMnl',#5,$,$,(#223),#134);
#249=IFCMATERIALPROFILESETUSAGE(#215,$,$);
#250=IFCRELASSOCIATESMATERIAL('0sI0UbL9nDqRf$ebc0_0ET',#5,$,$,(#225),#249);
#251=IFCRELASSOCIATESMATERIAL('3kePSOen11bQikRFtHZcmX',#5,$,$,(#229),#131);
#252=IFCRELASSOCIATESMATERIAL('2_wXG1rjz9zwC7vYIhM2IZ',#5,$,$,(#231),#130);
#253=IFCRELASSOCIATESMATERIAL('1$3DGkaB176unxzbQIfRUX',#5,$,$,(#233),#131);
#254=IFCRELASSOCIATESMATERIAL('2vqMewRI1AExoFwz$hpwmH',#5,$,$,(#237),#127);
#255=IFCRELASSOCIATESMATERIAL('2PQIAOM8f31eC9fYCsf5yz',#5,$,$,(#239),#131);
#256=IFCCARTESIANPOINT((1.6759999999999999,-2.));
#257=IFCCARTESIANPOINT((1.6759999999999999,10.74));
#258=IFCPOLYLINE((#256,#257));
#259=IFCGRIDAXIS('1',#258,.T.);
#260=IFCCARTESIANPOINT((8.3819999999999997,-2.));
#261=IFCCARTESIANPOINT((8.3819999999999997,10.74));
#262=IFCPOLYLINE((#260,#261));
#263=IFCGRIDAXIS('2',#262,.T.);
#264=IFCCARTESIANPOINT((15.088000000000001,-2.));
#265=IFCCARTESIANPOINT((15.088000000000001,10.74));
#266=IFCPOLYLINE((#264,#265));
#267=IFCGRIDAXIS('3',#266,.T.);
#268=IFCCARTESIANPOINT((21.794,-2.));
#269=IFCCARTESIANPOINT((21.794,10.74));
#270=IFCPOLYLINE((#268,#269));
#271=IFCGRIDAXIS('4',#270,.T.);
#272=IFCCARTESIANPOINT((-2.,-0.08795));
#273=IFCCARTESIANPOINT((25.469999999999999,-0.08795));
#274=IFCPOLYLINE((#272,#273));
#275=IFCGRIDAXIS('A',#274,.T.);
#276=IFCCARTESIANPOINT((-2.,8.8279500000000013));
#277=IFCCARTESIANPOINT((25.469999999999999,8.8279500000000013));
#278=IFCPOLYLINE((#276,#277));
#279=IFCGRIDAXIS('B',#278,.T.);
#285=IFCGEOMETRICCURVESET((#258,#262,#266,#270,#274,#278));
#286=IFCSHAPEREPRESENTATION(#22,'FootPrint','GeometricCurveSet',(#285));
#287=IFCPRODUCTDEFINITIONSHAPE($,$,(#286));
#288=IFCGRID('2SYvP3Dwn2LQjGIDIn29Wp',#296,'Structural Grid','Mies''s grid: 3 bays \X2\00D7\X0\ 1 bay (22ft \X2\00D7\X0\ 28''8")',$,#295,#287,(#259,#263,#267,#271),(#275,#279),$,.RECTANGULAR.);
#289=IFCOWNERHISTORY(#3,#4,.READWRITE.,.ADDED.,1778402982,#3,#4,1778402982);
#290=IFCRELCONTAINEDINSPATIALSTRUCTURE('09MQMOkyH7ifyEbe2HDMCo',#289,$,$,(#288),#32);
#291=IFCCARTESIANPOINT((0.,0.,0.));
#292=IFCDIRECTION((0.,0.,1.));
#293=IFCDIRECTION((1.,0.,0.));
#294=IFCAXIS2PLACEMENT3D(#291,#292,#293);
#295=IFCLOCALPLACEMENT(#84,#294);
#296=IFCOWNERHISTORY(#3,#4,.READWRITE.,.MODIFIED.,1778402983,#3,#4,1778402982);
#297=IFCOWNERHISTORY(#3,#4,.READWRITE.,.ADDED.,1778402983,#3,#4,1778402983);
#298=IFCPROPERTYSET('0_b0y59819lvWtY_wN1yGO',#297,'Pset_GridCommon',$,(#301,#302));
#299=IFCOWNERHISTORY(#3,#4,.READWRITE.,.ADDED.,1778402983,#3,#4,1778402983);
#300=IFCRELDEFINESBYPROPERTIES('3CKBFBO3v3Pu8LojJP6o5i',#299,$,$,(#288),#298);
#301=IFCPROPERTYSINGLEVALUE('Reference',$,IFCLABEL('Structural grid 1-4 / A-B'),$);
#302=IFCPROPERTYSINGLEVALUE('IsExternal',$,IFCBOOLEAN(.F.),$);
#303=IFCOWNERHISTORY(#3,#4,.READWRITE.,.MODIFIED.,1778402983,#3,#4,1778402983);
#304=IFCSLAB('2aUAkTuEDC_vuwbwXheWM0',#303,'Site Ground (meadow)',$,$,#328,#321,$,$);
#310=IFCCARTESIANPOINT((0.,0.));
#311=IFCDIRECTION((1.,0.));
#312=IFCAXIS2PLACEMENT2D(#310,#311);
#313=IFCRECTANGLEPROFILEDEF(.AREA.,$,#312,60.,30.);
#314=IFCCARTESIANPOINT((0.,0.,0.));
#315=IFCDIRECTION((0.,0.,1.));
#316=IFCDIRECTION((1.,0.,0.));
#317=IFCAXIS2PLACEMENT3D(#314,#315,#316);
#318=IFCDIRECTION((0.,0.,1.));
#319=IFCEXTRUDEDAREASOLID(#313,#317,#318,0.20000000000000001);
#320=IFCSHAPEREPRESENTATION(#17,'Body','SweptSolid',(#319));
#321=IFCPRODUCTDEFINITIONSHAPE($,$,(#320));
#322=IFCOWNERHISTORY(#3,#4,.READWRITE.,.MODIFIED.,1778402983,#3,#4,1778402983);
#323=IFCRELCONTAINEDINSPATIALSTRUCTURE('1QyrbU0LbAufSoGEZE8i_s',#322,$,$,(#755,#487,#2165,#603,#641,#717,#679,#565,#304,#527),#39);
#324=IFCCARTESIANPOINT((-35.,-10.629999999999999,-0.20000000000000001));
#325=IFCDIRECTION((0.,0.,1.));
#326=IFCDIRECTION((1.,0.,0.));
#327=IFCAXIS2PLACEMENT3D(#324,#325,#326);
#328=IFCLOCALPLACEMENT(#121,#327);
#329=IFCOWNERHISTORY(#3,#4,.READWRITE.,.ADDED.,1778402983,#3,#4,1778402983);
#330=IFCRELDEFINESBYTYPE('0cU6lcP255IPggbulMfLf6',#329,$,$,(#304),#223);
#331=IFCQUANTITYLENGTH('Length',$,$,60.,$);
#332=IFCQUANTITYLENGTH('Width',$,$,30.,$);
#333=IFCQUANTITYLENGTH('Depth',$,$,0.20000000000000001,$);
#334=IFCQUANTITYAREA('GrossArea',$,$,1800.,$);
#335=IFCQUANTITYAREA('NetArea',$,$,1800.,$);
#336=IFCQUANTITYVOLUME('GrossVolume',$,$,360.,$);
#337=IFCQUANTITYVOLUME('NetVolume',$,$,360.,$);
#338=IFCQUANTITYLENGTH('Perimeter',$,$,180.,$);
#339=IFCELEMENTQUANTITY('0im$Igno16CvRDztoEoyrb',#5,'Qto_SlabBaseQuantities',$,$,(#331,#332,#333,#334,#335,#336,#337,#338));
#340=IFCRELDEFINESBYPROPERTIES('2s68MXjD12vOhAW8_TxJE4',#5,$,$,(#304),#339);
#341=IFCOWNERHISTORY(#3,#4,.READWRITE.,.ADDED.,1778402983,#3,#4,1778402983);
#342=IFCPROPERTYSET('2ZpatNX2TF_g$5hgWbbTZd',#341,'Pset_SlabCommon',$,(#345,#346,#347));
#343=IFCOWNERHISTORY(#3,#4,.READWRITE.,.ADDED.,1778402983,#3,#4,1778402983);
#344=IFCRELDEFINESBYPROPERTIES('3GICBoVU10h9P5Qp5AAfeq',#343,$,$,(#304),#342);
#345=IFCPROPERTYSINGLEVALUE('IsExternal',$,IFCBOOLEAN(.T.),$);
#346=IFCPROPERTYSINGLEVALUE('LoadBearing',$,IFCBOOLEAN(.F.),$);
#347=IFCPROPERTYSINGLEVALUE('Reference',$,IFCIDENTIFIER('Site terrain'),$);
#348=IFCOWNERHISTORY(#3,#4,.READWRITE.,.MODIFIED.,1778402983,#3,#4,1778402983);
#349=IFCSLAB('1v0UqgIg93JfGw9fR$71Gi',#348,'Terrace Slab',$,$,#373,#366,$,$);
#355=IFCCARTESIANPOINT((0.,0.));
#356=IFCDIRECTION((1.,0.));
#357=IFCAXIS2PLACEMENT2D(#355,#356);
#358=IFCRECTANGLEPROFILEDEF(.AREA.,$,#357,16.760000000000002,6.71);
#359=IFCCARTESIANPOINT((0.,0.,0.));
#360=IFCDIRECTION((0.,0.,1.));
#361=IFCDIRECTION((1.,0.,0.));
#362=IFCAXIS2PLACEMENT3D(#359,#360,#361);
#363=IFCDIRECTION((0.,0.,1.));
#364=IFCEXTRUDEDAREASOLID(#358,#362,#363,0.25);
#365=IFCSHAPEREPRESENTATION(#17,'Body','SweptSolid',(#364));
#366=IFCPRODUCTDEFINITIONSHAPE($,$,(#365));
#367=IFCOWNERHISTORY(#3,#4,.READWRITE.,.MODIFIED.,1778402983,#3,#4,1778402983);
#368=IFCRELCONTAINEDINSPATIALSTRUCTURE('3yphEShMb0DAUyqBBrdU_0',#367,$,$,(#2289,#349),#46);
#369=IFCCARTESIANPOINT((-17.060000000000002,1.0150000000000001,-0.25));
#370=IFCDIRECTION((0.,0.,1.));
#371=IFCDIRECTION((1.,0.,0.));
#372=IFCAXIS2PLACEMENT3D(#369,#370,#371);
#373=IFCLOCALPLACEMENT(#111,#372);
#374=IFCOWNERHISTORY(#3,#4,.READWRITE.,.ADDED.,1778402983,#3,#4,1778402983);
#375=IFCRELDEFINESBYTYPE('1nTL4BlDjATOxjzzywco7I',#374,$,$,(#349),#221);
#376=IFCQUANTITYLENGTH('Length',$,$,16.760000000000002,$);
#377=IFCQUANTITYLENGTH('Width',$,$,6.71,$);
#378=IFCQUANTITYLENGTH('Depth',$,$,0.25,$);
#379=IFCQUANTITYAREA('GrossArea',$,$,112.45960000000001,$);
#380=IFCQUANTITYAREA('NetArea',$,$,112.45960000000001,$);
#381=IFCQUANTITYVOLUME('GrossVolume',$,$,28.114900000000002,$);
#382=IFCQUANTITYVOLUME('NetVolume',$,$,28.114900000000002,$);
#383=IFCQUANTITYLENGTH('Perimeter',$,$,46.940000000000005,$);
#384=IFCELEMENTQUANTITY('2jxhBs6jr73OwBP6UcUakD',#5,'Qto_SlabBaseQuantities',$,$,(#376,#377,#378,#379,#380,#381,#382,#383));
#385=IFCRELDEFINESBYPROPERTIES('1MoZfvdNrCuvgFjy6lL$Ii',#5,$,$,(#349),#384);
#386=IFCOWNERHISTORY(#3,#4,.READWRITE.,.ADDED.,1778402983,#3,#4,1778402983);
#387=IFCPROPERTYSET('1MD6dv7dn2ReCLvBrqAPOu',#386,'Pset_SlabCommon',$,(#390,#391,#392,#393));
#388=IFCOWNERHISTORY(#3,#4,.READWRITE.,.ADDED.,1778402983,#3,#4,1778402983);
#389=IFCRELDEFINESBYPROPERTIES('0qLI9qiVL3zwhdxB2FwXXx',#388,$,$,(#349),#387);
#390=IFCPROPERTYSINGLEVALUE('IsExternal',$,IFCBOOLEAN(.T.),$);
#391=IFCPROPERTYSINGLEVALUE('LoadBearing',$,IFCBOOLEAN(.T.),$);
#392=IFCPROPERTYSINGLEVALUE('Reference',$,IFCIDENTIFIER('Terrace Slab'),$);
#393=IFCPROPERTYSINGLEVALUE('ThermalTransmittance',$,IFCTHERMALTRANSMITTANCEMEASURE(0.29999999999999999),$);
#394=IFCOWNERHISTORY(#3,#4,.READWRITE.,.MODIFIED.,1778402983,#3,#4,1778402983);
#395=IFCSLAB('3y7yZPsxT9IwNw1v2n616Y',#394,'Main Floor Slab',$,$,#419,#412,$,$);
#401=IFCCARTESIANPOINT((0.,0.));
#402=IFCDIRECTION((1.,0.));
#403=IFCAXIS2PLACEMENT2D(#401,#402);
#404=IFCRECTANGLEPROFILEDEF(.AREA.,$,#403,23.469999999999999,8.7400000000000002);
#405=IFCCARTESIANPOINT((0.,0.,0.));
#406=IFCDIRECTION((0.,0.,1.));
#407=IFCDIRECTION((1.,0.,0.));
#408=IFCAXIS2PLACEMENT3D(#405,#406,#407);
#409=IFCDIRECTION((0.,0.,1.));
#410=IFCEXTRUDEDAREASOLID(#404,#408,#409,0.29999999999999999);
#411=IFCSHAPEREPRESENTATION(#17,'Body','SweptSolid',(#410));
#412=IFCPRODUCTDEFINITIONSHAPE($,$,(#411));
#413=IFCOWNERHISTORY(#3,#4,.READWRITE.,.MODIFIED.,1778402983,#3,#4,1778402983);
#414=IFCRELCONTAINEDINSPATIALSTRUCTURE('1RETSuMb52KBG9ZuyL3D_N',#413,$,$,(#1617,#1208,#793,#1853,#2089,#395),#53);
#415=IFCCARTESIANPOINT((0.,0.,-0.30000000000000004));
#416=IFCDIRECTION((0.,0.,1.));
#417=IFCDIRECTION((1.,0.,0.));
#418=IFCAXIS2PLACEMENT3D(#415,#416,#417);
#419=IFCLOCALPLACEMENT(#126,#418);
#420=IFCOWNERHISTORY(#3,#4,.READWRITE.,.ADDED.,1778402983,#3,#4,1778402983);
#421=IFCRELDEFINESBYTYPE('0AdQfbZbv2Iw3o2i7tQSo6',#420,$,$,(#395),#217);
#422=IFCQUANTITYLENGTH('Length',$,$,23.469999999999999,$);
#423=IFCQUANTITYLENGTH('Width',$,$,8.7400000000000002,$);
#424=IFCQUANTITYLENGTH('Depth',$,$,0.29999999999999999,$);
#425=IFCQUANTITYAREA('GrossArea',$,$,205.12780000000001,$);
#426=IFCQUANTITYAREA('NetArea',$,$,205.12780000000001,$);
#427=IFCQUANTITYVOLUME('GrossVolume',$,$,61.538339999999998,$);
#428=IFCQUANTITYVOLUME('NetVolume',$,$,61.538339999999998,$);
#429=IFCQUANTITYLENGTH('Perimeter',$,$,64.420000000000002,$);
#430=IFCELEMENTQUANTITY('1C4iAst3b46PAG$cJAW_Qp',#5,'Qto_SlabBaseQuantities',$,$,(#422,#423,#424,#425,#426,#427,#428,#429));
#431=IFCRELDEFINESBYPROPERTIES('0yjbnJIL9Cuwedo41sIF5N',#5,$,$,(#395),#430);
#432=IFCOWNERHISTORY(#3,#4,.READWRITE.,.ADDED.,1778402983,#3,#4,1778402983);
#433=IFCPROPERTYSET('3NLEoQVZv1nRaEu6grrY$Y',#432,'Pset_SlabCommon',$,(#436,#437,#438,#439));
#434=IFCOWNERHISTORY(#3,#4,.READWRITE.,.ADDED.,1778402983,#3,#4,1778402983);
#435=IFCRELDEFINESBYPROPERTIES('0XhMBgJMHCyx84taIaAywJ',#434,$,$,(#395),#433);
#436=IFCPROPERTYSINGLEVALUE('IsExternal',$,IFCBOOLEAN(.T.),$);
#437=IFCPROPERTYSINGLEVALUE('LoadBearing',$,IFCBOOLEAN(.T.),$);
#438=IFCPROPERTYSINGLEVALUE('Reference',$,IFCIDENTIFIER('Main Floor Slab'),$);
#439=IFCPROPERTYSINGLEVALUE('ThermalTransmittance',$,IFCTHERMALTRANSMITTANCEMEASURE(0.29999999999999999),$);
#440=IFCOWNERHISTORY(#3,#4,.READWRITE.,.MODIFIED.,1778402983,#3,#4,1778402983);
#441=IFCSLAB('0E79dOy2b2Vf52LBgv9U3z',#440,'Roof Slab',$,$,#465,#458,$,$);
#447=IFCCARTESIANPOINT((0.,0.));
#448=IFCDIRECTION((1.,0.));
#449=IFCAXIS2PLACEMENT2D(#447,#448);
#450=IFCRECTANGLEPROFILEDEF(.AREA.,$,#449,23.469999999999999,8.7400000000000002);
#451=IFCCARTESIANPOINT((0.,0.,0.));
#452=IFCDIRECTION((0.,0.,1.));
#453=IFCDIRECTION((1.,0.,0.));
#454=IFCAXIS2PLACEMENT3D(#451,#452,#453);
#455=IFCDIRECTION((0.,0.,1.));
#456=IFCEXTRUDEDAREASOLID(#450,#454,#455,0.25);
#457=IFCSHAPEREPRESENTATION(#17,'Body','SweptSolid',(#456));
#458=IFCPRODUCTDEFINITIONSHAPE($,$,(#457));
#459=IFCOWNERHISTORY(#3,#4,.READWRITE.,.ADDED.,1778402983,#3,#4,1778402983);
#460=IFCRELCONTAINEDINSPATIALSTRUCTURE('3CvLThqMn0iwyT97AXQX2J',#459,$,$,(#441),#60);
#461=IFCCARTESIANPOINT((0.,0.,-0.25));
#462=IFCDIRECTION((0.,0.,1.));
#463=IFCDIRECTION((1.,0.,0.));
#464=IFCAXIS2PLACEMENT3D(#461,#462,#463);
#465=IFCLOCALPLACEMENT(#116,#464);
#466=IFCOWNERHISTORY(#3,#4,.READWRITE.,.ADDED.,1778402983,#3,#4,1778402983);
#467=IFCRELDEFINESBYTYPE('0_SqaySaDD8vid_MXZcjo3',#466,$,$,(#441),#219);
#468=IFCQUANTITYLENGTH('Length',$,$,23.469999999999999,$);
#469=IFCQUANTITYLENGTH('Width',$,$,8.7400000000000002,$);
#470=IFCQUANTITYLENGTH('Depth',$,$,0.25,$);
#471=IFCQUANTITYAREA('GrossArea',$,$,205.12780000000001,$);
#472=IFCQUANTITYAREA('NetArea',$,$,205.12780000000001,$);
#473=IFCQUANTITYVOLUME('GrossVolume',$,$,51.281950000000002,$);
#474=IFCQUANTITYVOLUME('NetVolume',$,$,51.281950000000002,$);
#475=IFCQUANTITYLENGTH('Perimeter',$,$,64.420000000000002,$);
#476=IFCELEMENTQUANTITY('1jD4IYlSnBdOmGwngKkZp4',#5,'Qto_SlabBaseQuantities',$,$,(#468,#469,#470,#471,#472,#473,#474,#475));
#477=IFCRELDEFINESBYPROPERTIES('1u2aueyqn2QRmCTGCkeIZe',#5,$,$,(#441),#476);
#478=IFCOWNERHISTORY(#3,#4,.READWRITE.,.ADDED.,1778402983,#3,#4,1778402983);
#479=IFCPROPERTYSET('3sroqfAKDDg9dQn$tLTzCE',#478,'Pset_SlabCommon',$,(#482,#483,#484,#485));
#480=IFCOWNERHISTORY(#3,#4,.READWRITE.,.ADDED.,1778402983,#3,#4,1778402983);
#481=IFCRELDEFINESBYPROPERTIES('3CBYL9ymbDUAKRWakZD6W1',#480,$,$,(#441),#479);
#482=IFCPROPERTYSINGLEVALUE('IsExternal',$,IFCBOOLEAN(.T.),$);
#483=IFCPROPERTYSINGLEVALUE('LoadBearing',$,IFCBOOLEAN(.T.),$);
#484=IFCPROPERTYSINGLEVALUE('Reference',$,IFCIDENTIFIER('Roof Slab'),$);
#485=IFCPROPERTYSINGLEVALUE('ThermalTransmittance',$,IFCTHERMALTRANSMITTANCEMEASURE(0.29999999999999999),$);
#486=IFCOWNERHISTORY(#3,#4,.READWRITE.,.MODIFIED.,1778402983,#3,#4,1778402983);
#487=IFCCOLUMN('00iG5L57n3KBrHJj7fbiQT',#486,'Column S1',$,$,#509,#504,$,$);
#493=IFCCARTESIANPOINT((0.,0.));
#494=IFCDIRECTION((1.,0.));
#495=IFCAXIS2PLACEMENT2D(#493,#494);
#496=IFCISHAPEPROFILEDEF(.AREA.,'W8x48',#495,0.2064,0.21590000000000001,0.010160000000000001,0.017399999999999999,0.0094999999999999998,$,$);
#497=IFCCARTESIANPOINT((0.,0.,0.));
#498=IFCDIRECTION((0.,0.,1.));
#499=IFCDIRECTION((1.,0.,0.));
#500=IFCAXIS2PLACEMENT3D(#497,#498,#499);
#501=IFCDIRECTION((0.,0.,1.));
#502=IFCEXTRUDEDAREASOLID(#496,#500,#501,4.75);
#503=IFCSHAPEREPRESENTATION(#17,'Body','SweptSolid',(#502));
#504=IFCPRODUCTDEFINITIONSHAPE($,$,(#503));
#505=IFCCARTESIANPOINT((1.6759999999999999,-0.08795,0.));
#506=IFCDIRECTION((0.,0.,1.));
#507=IFCDIRECTION((1.,0.,0.));
#508=IFCAXIS2PLACEMENT3D(#505,#506,#507);
#509=IFCLOCALPLACEMENT(#121,#508);
#510=IFCOWNERHISTORY(#3,#4,.READWRITE.,.MODIFIED.,1778402983,#3,#4,1778402983);
#511=IFCRELDEFINESBYTYPE('3uxCBhBjj1qv8Tza0FoDWy',#510,$,$,(#527,#755,#487,#603,#679,#641,#717,#565),#225);
#512=IFCQUANTITYLENGTH('Length',$,$,4.75,$);
#513=IFCQUANTITYAREA('CrossSectionArea',$,$,0.0090226960000000002,$);
#514=IFCQUANTITYVOLUME('GrossVolume',$,$,0.042857805999999998,$);
#515=IFCQUANTITYVOLUME('NetVolume',$,$,0.042857805999999998,$);
#516=IFCELEMENTQUANTITY('1QypdQBCv2QvwT9Ld9hWdc',#5,'Qto_ColumnBaseQuantities',$,$,(#512,#513,#514,#515));
#517=IFCRELDEFINESBYPROPERTIES('0FoqTEM$v6_OjrGgvuO3QK',#5,$,$,(#487),#516);
#518=IFCOWNERHISTORY(#3,#4,.READWRITE.,.ADDED.,1778402983,#3,#4,1778402983);
#519=IFCPROPERTYSET('2dhkfihCnAvxDgQ7XXE5rf',#518,'Pset_ColumnCommon',$,(#522,#523,#524,#525));
#520=IFCOWNERHISTORY(#3,#4,.READWRITE.,.ADDED.,1778402983,#3,#4,1778402983);
#521=IFCRELDEFINESBYPROPERTIES('2wIxEzA55C8Oc3EEei86Sz',#520,$,$,(#487),#519);
#522=IFCPROPERTYSINGLEVALUE('Reference',$,IFCIDENTIFIER('W8x48 ASTM A36'),$);
#523=IFCPROPERTYSINGLEVALUE('LoadBearing',$,IFCBOOLEAN(.T.),$);
#524=IFCPROPERTYSINGLEVALUE('IsExternal',$,IFCBOOLEAN(.T.),$);
#525=IFCPROPERTYSINGLEVALUE('Slope',$,IFCPLANEANGLEMEASURE(0.),$);
#526=IFCOWNERHISTORY(#3,#4,.READWRITE.,.MODIFIED.,1778402983,#3,#4,1778402983);
#527=IFCCOLUMN('013dfTmf1Ehw8dRbVJWCGv',#526,'Column N1',$,$,#549,#544,$,$);
#533=IFCCARTESIANPOINT((0.,0.));
#534=IFCDIRECTION((1.,0.));
#535=IFCAXIS2PLACEMENT2D(#533,#534);
#536=IFCISHAPEPROFILEDEF(.AREA.,'W8x48',#535,0.2064,0.21590000000000001,0.010160000000000001,0.017399999999999999,0.0094999999999999998,$,$);
#537=IFCCARTESIANPOINT((0.,0.,0.));
#538=IFCDIRECTION((0.,0.,1.));
#539=IFCDIRECTION((1.,0.,0.));
#540=IFCAXIS2PLACEMENT3D(#537,#538,#539);
#541=IFCDIRECTION((0.,0.,1.));
#542=IFCEXTRUDEDAREASOLID(#536,#540,#541,4.75);
#543=IFCSHAPEREPRESENTATION(#17,'Body','SweptSolid',(#542));
#544=IFCPRODUCTDEFINITIONSHAPE($,$,(#543));
#545=IFCCARTESIANPOINT((1.6759999999999999,8.8279500000000013,0.));
#546=IFCDIRECTION((0.,0.,1.));
#547=IFCDIRECTION((1.,0.,0.));
#548=IFCAXIS2PLACEMENT3D(#545,#546,#547);
#549=IFCLOCALPLACEMENT(#121,#548);
#550=IFCQUANTITYLENGTH('Length',$,$,4.75,$);
#551=IFCQUANTITYAREA('CrossSectionArea',$,$,0.0090226960000000002,$);
#552=IFCQUANTITYVOLUME('GrossVolume',$,$,0.042857805999999998,$);
#553=IFCQUANTITYVOLUME('NetVolume',$,$,0.042857805999999998,$);
#554=IFCELEMENTQUANTITY('0bDe3yUij7uhQafU$efYmb',#5,'Qto_ColumnBaseQuantities',$,$,(#550,#551,#552,#553));
#555=IFCRELDEFINESBYPROPERTIES('0HE0kKNoXENAh97Fks5hf5',#5,$,$,(#527),#554);
#556=IFCOWNERHISTORY(#3,#4,.READWRITE.,.ADDED.,1778402983,#3,#4,1778402983);
#557=IFCPROPERTYSET('0KjODfErf3wxkHk0omk6b$',#556,'Pset_ColumnCommon',$,(#560,#561,#562,#563));
#558=IFCOWNERHISTORY(#3,#4,.READWRITE.,.ADDED.,1778402983,#3,#4,1778402983);
#559=IFCRELDEFINESBYPROPERTIES('3jky4$aJXF$A5QD64yGDLj',#558,$,$,(#527),#557);
#560=IFCPROPERTYSINGLEVALUE('Reference',$,IFCIDENTIFIER('W8x48 ASTM A36'),$);
#561=IFCPROPERTYSINGLEVALUE('LoadBearing',$,IFCBOOLEAN(.T.),$);
#562=IFCPROPERTYSINGLEVALUE('IsExternal',$,IFCBOOLEAN(.T.),$);
#563=IFCPROPERTYSINGLEVALUE('Slope',$,IFCPLANEANGLEMEASURE(0.),$);
#564=IFCOWNERHISTORY(#3,#4,.READWRITE.,.MODIFIED.,1778402983,#3,#4,1778402983);
#565=IFCCOLUMN('2rF1akWL1DjBPd$fqVsVqg',#564,'Column S2',$,$,#587,#582,$,$);
#571=IFCCARTESIANPOINT((0.,0.));
#572=IFCDIRECTION((1.,0.));
#573=IFCAXIS2PLACEMENT2D(#571,#572);
#574=IFCISHAPEPROFILEDEF(.AREA.,'W8x48',#573,0.2064,0.21590000000000001,0.010160000000000001,0.017399999999999999,0.0094999999999999998,$,$);
#575=IFCCARTESIANPOINT((0.,0.,0.));
#576=IFCDIRECTION((0.,0.,1.));
#577=IFCDIRECTION((1.,0.,0.));
#578=IFCAXIS2PLACEMENT3D(#575,#576,#577);
#579=IFCDIRECTION((0.,0.,1.));
#580=IFCEXTRUDEDAREASOLID(#574,#578,#579,4.75);
#581=IFCSHAPEREPRESENTATION(#17,'Body','SweptSolid',(#580));
#582=IFCPRODUCTDEFINITIONSHAPE($,$,(#581));
#583=IFCCARTESIANPOINT((8.3819999999999997,-0.08795,0.));
#584=IFCDIRECTION((0.,0.,1.));
#585=IFCDIRECTION((1.,0.,0.));
#586=IFCAXIS2PLACEMENT3D(#583,#584,#585);
#587=IFCLOCALPLACEMENT(#121,#586);
#588=IFCQUANTITYLENGTH('Length',$,$,4.75,$);
#589=IFCQUANTITYAREA('CrossSectionArea',$,$,0.0090226960000000002,$);
#590=IFCQUANTITYVOLUME('GrossVolume',$,$,0.042857805999999998,$);
#591=IFCQUANTITYVOLUME('NetVolume',$,$,0.042857805999999998,$);
#592=IFCELEMENTQUANTITY('06fnA97XXEAfaNgABO277A',#5,'Qto_ColumnBaseQuantities',$,$,(#588,#589,#590,#591));
#593=IFCRELDEFINESBYPROPERTIES('2AxYvkeSX1IPaTDSyVTDE2',#5,$,$,(#565),#592);
#594=IFCOWNERHISTORY(#3,#4,.READWRITE.,.ADDED.,1778402983,#3,#4,1778402983);
#595=IFCPROPERTYSET('2lBgpdx4b8JefvuyT5hQXd',#594,'Pset_ColumnCommon',$,(#598,#599,#600,#601));
#596=IFCOWNERHISTORY(#3,#4,.READWRITE.,.ADDED.,1778402983,#3,#4,1778402983);
#597=IFCRELDEFINESBYPROPERTIES('1SBzX1TsT3LR_5L1PEvQ1w',#596,$,$,(#565),#595);
#598=IFCPROPERTYSINGLEVALUE('Reference',$,IFCIDENTIFIER('W8x48 ASTM A36'),$);
#599=IFCPROPERTYSINGLEVALUE('LoadBearing',$,IFCBOOLEAN(.T.),$);
#600=IFCPROPERTYSINGLEVALUE('IsExternal',$,IFCBOOLEAN(.T.),$);
#601=IFCPROPERTYSINGLEVALUE('Slope',$,IFCPLANEANGLEMEASURE(0.),$);
#602=IFCOWNERHISTORY(#3,#4,.READWRITE.,.MODIFIED.,1778402983,#3,#4,1778402983);
#603=IFCCOLUMN('1NEhnL2vH0VOTKayy3eMvs',#602,'Column N2',$,$,#625,#620,$,$);
#609=IFCCARTESIANPOINT((0.,0.));
#610=IFCDIRECTION((1.,0.));
#611=IFCAXIS2PLACEMENT2D(#609,#610);
#612=IFCISHAPEPROFILEDEF(.AREA.,'W8x48',#611,0.2064,0.21590000000000001,0.010160000000000001,0.017399999999999999,0.0094999999999999998,$,$);
#613=IFCCARTESIANPOINT((0.,0.,0.));
#614=IFCDIRECTION((0.,0.,1.));
#615=IFCDIRECTION((1.,0.,0.));
#616=IFCAXIS2PLACEMENT3D(#613,#614,#615);
#617=IFCDIRECTION((0.,0.,1.));
#618=IFCEXTRUDEDAREASOLID(#612,#616,#617,4.75);
#619=IFCSHAPEREPRESENTATION(#17,'Body','SweptSolid',(#618));
#620=IFCPRODUCTDEFINITIONSHAPE($,$,(#619));
#621=IFCCARTESIANPOINT((8.3819999999999997,8.8279500000000013,0.));
#622=IFCDIRECTION((0.,0.,1.));
#623=IFCDIRECTION((1.,0.,0.));
#624=IFCAXIS2PLACEMENT3D(#621,#622,#623);
#625=IFCLOCALPLACEMENT(#121,#624);
#626=IFCQUANTITYLENGTH('Length',$,$,4.75,$);
#627=IFCQUANTITYAREA('CrossSectionArea',$,$,0.0090226960000000002,$);
#628=IFCQUANTITYVOLUME('GrossVolume',$,$,0.042857805999999998,$);
#629=IFCQUANTITYVOLUME('NetVolume',$,$,0.042857805999999998,$);
#630=IFCELEMENTQUANTITY('2jPV_3_pn0EQfEYEhyCaJj',#5,'Qto_ColumnBaseQuantities',$,$,(#626,#627,#628,#629));
#631=IFCRELDEFINESBYPROPERTIES('3KQ8VS4ID8N9GhnRqE4Uy8',#5,$,$,(#603),#630);
#632=IFCOWNERHISTORY(#3,#4,.READWRITE.,.ADDED.,1778402983,#3,#4,1778402983);
#633=IFCPROPERTYSET('3rWZdMGHT89e$C0nQ3DSzA',#632,'Pset_ColumnCommon',$,(#636,#637,#638,#639));
#634=IFCOWNERHISTORY(#3,#4,.READWRITE.,.ADDED.,1778402983,#3,#4,1778402983);
#635=IFCRELDEFINESBYPROPERTIES('2tgZg7bD95rOpz3OMx$cbX',#634,$,$,(#603),#633);
#636=IFCPROPERTYSINGLEVALUE('Reference',$,IFCIDENTIFIER('W8x48 ASTM A36'),$);
#637=IFCPROPERTYSINGLEVALUE('LoadBearing',$,IFCBOOLEAN(.T.),$);
#638=IFCPROPERTYSINGLEVALUE('IsExternal',$,IFCBOOLEAN(.T.),$);
#639=IFCPROPERTYSINGLEVALUE('Slope',$,IFCPLANEANGLEMEASURE(0.),$);
#640=IFCOWNERHISTORY(#3,#4,.READWRITE.,.MODIFIED.,1778402983,#3,#4,1778402983);
#641=IFCCOLUMN('0ZHcH2NaL1HgOyLL6fZyrX',#640,'Column S3',$,$,#663,#658,$,$);
#647=IFCCARTESIANPOINT((0.,0.));
#648=IFCDIRECTION((1.,0.));
#649=IFCAXIS2PLACEMENT2D(#647,#648);
#650=IFCISHAPEPROFILEDEF(.AREA.,'W8x48',#649,0.2064,0.21590000000000001,0.010160000000000001,0.017399999999999999,0.0094999999999999998,$,$);
#651=IFCCARTESIANPOINT((0.,0.,0.));
#652=IFCDIRECTION((0.,0.,1.));
#653=IFCDIRECTION((1.,0.,0.));
#654=IFCAXIS2PLACEMENT3D(#651,#652,#653);
#655=IFCDIRECTION((0.,0.,1.));
#656=IFCEXTRUDEDAREASOLID(#650,#654,#655,4.75);
#657=IFCSHAPEREPRESENTATION(#17,'Body','SweptSolid',(#656));
#658=IFCPRODUCTDEFINITIONSHAPE($,$,(#657));
#659=IFCCARTESIANPOINT((15.088000000000001,-0.08795,0.));
#660=IFCDIRECTION((0.,0.,1.));
#661=IFCDIRECTION((1.,0.,0.));
#662=IFCAXIS2PLACEMENT3D(#659,#660,#661);
#663=IFCLOCALPLACEMENT(#121,#662);
#664=IFCQUANTITYLENGTH('Length',$,$,4.75,$);
#665=IFCQUANTITYAREA('CrossSectionArea',$,$,0.0090226960000000002,$);
#666=IFCQUANTITYVOLUME('GrossVolume',$,$,0.042857805999999998,$);
#667=IFCQUANTITYVOLUME('NetVolume',$,$,0.042857805999999998,$);
#668=IFCELEMENTQUANTITY('3orz_LLkL69vnLOiUaLGLw',#5,'Qto_ColumnBaseQuantities',$,$,(#664,#665,#666,#667));
#669=IFCRELDEFINESBYPROPERTIES('2YiMm5A2rAIwjDWDtHlWUZ',#5,$,$,(#641),#668);
#670=IFCOWNERHISTORY(#3,#4,.READWRITE.,.ADDED.,1778402983,#3,#4,1778402983);
#671=IFCPROPERTYSET('1eFFoSKgf3iAY1e90L$wXJ',#670,'Pset_ColumnCommon',$,(#674,#675,#676,#677));
#672=IFCOWNERHISTORY(#3,#4,.READWRITE.,.ADDED.,1778402983,#3,#4,1778402983);
#673=IFCRELDEFINESBYPROPERTIES('0hnGhHk_T9VPLobC4EF_25',#672,$,$,(#641),#671);
#674=IFCPROPERTYSINGLEVALUE('Reference',$,IFCIDENTIFIER('W8x48 ASTM A36'),$);
#675=IFCPROPERTYSINGLEVALUE('LoadBearing',$,IFCBOOLEAN(.T.),$);
#676=IFCPROPERTYSINGLEVALUE('IsExternal',$,IFCBOOLEAN(.T.),$);
#677=IFCPROPERTYSINGLEVALUE('Slope',$,IFCPLANEANGLEMEASURE(0.),$);
#678=IFCOWNERHISTORY(#3,#4,.READWRITE.,.MODIFIED.,1778402983,#3,#4,1778402983);
#679=IFCCOLUMN('3W7Uf7noH5GutUETSWs9hH',#678,'Column N3',$,$,#701,#696,$,$);
#685=IFCCARTESIANPOINT((0.,0.));
#686=IFCDIRECTION((1.,0.));
#687=IFCAXIS2PLACEMENT2D(#685,#686);
#688=IFCISHAPEPROFILEDEF(.AREA.,'W8x48',#687,0.2064,0.21590000000000001,0.010160000000000001,0.017399999999999999,0.0094999999999999998,$,$);
#689=IFCCARTESIANPOINT((0.,0.,0.));
#690=IFCDIRECTION((0.,0.,1.));
#691=IFCDIRECTION((1.,0.,0.));
#692=IFCAXIS2PLACEMENT3D(#689,#690,#691);
#693=IFCDIRECTION((0.,0.,1.));
#694=IFCEXTRUDEDAREASOLID(#688,#692,#693,4.75);
#695=IFCSHAPEREPRESENTATION(#17,'Body','SweptSolid',(#694));
#696=IFCPRODUCTDEFINITIONSHAPE($,$,(#695));
#697=IFCCARTESIANPOINT((15.088000000000001,8.8279500000000013,0.));
#698=IFCDIRECTION((0.,0.,1.));
#699=IFCDIRECTION((1.,0.,0.));
#700=IFCAXIS2PLACEMENT3D(#697,#698,#699);
#701=IFCLOCALPLACEMENT(#121,#700);
#702=IFCQUANTITYLENGTH('Length',$,$,4.75,$);
#703=IFCQUANTITYAREA('CrossSectionArea',$,$,0.0090226960000000002,$);
#704=IFCQUANTITYVOLUME('GrossVolume',$,$,0.042857805999999998,$);
#705=IFCQUANTITYVOLUME('NetVolume',$,$,0.042857805999999998,$);
#706=IFCELEMENTQUANTITY('3KJtFFJgjFmvEYZfqCpW9g',#5,'Qto_ColumnBaseQuantities',$,$,(#702,#703,#704,#705));
#707=IFCRELDEFINESBYPROPERTIES('26y18GN1T7UR6ZnDzHqNvg',#5,$,$,(#679),#706);
#708=IFCOWNERHISTORY(#3,#4,.READWRITE.,.ADDED.,1778402983,#3,#4,1778402983);
#709=IFCPROPERTYSET('3lhS$a7pj5b8JwiKfX1Uz6',#708,'Pset_ColumnCommon',$,(#712,#713,#714,#715));
#710=IFCOWNERHISTORY(#3,#4,.READWRITE.,.ADDED.,1778402983,#3,#4,1778402983);
#711=IFCRELDEFINESBYPROPERTIES('3juRGFaZ51Hh8H_yCZmndB',#710,$,$,(#679),#709);
#712=IFCPROPERTYSINGLEVALUE('Reference',$,IFCIDENTIFIER('W8x48 ASTM A36'),$);
#713=IFCPROPERTYSINGLEVALUE('LoadBearing',$,IFCBOOLEAN(.T.),$);
#714=IFCPROPERTYSINGLEVALUE('IsExternal',$,IFCBOOLEAN(.T.),$);
#715=IFCPROPERTYSINGLEVALUE('Slope',$,IFCPLANEANGLEMEASURE(0.),$);
#716=IFCOWNERHISTORY(#3,#4,.READWRITE.,.MODIFIED.,1778402983,#3,#4,1778402983);
#717=IFCCOLUMN('2J5X$C8Xz1DPo7oxrPuIV9',#716,'Column S4',$,$,#739,#734,$,$);
#723=IFCCARTESIANPOINT((0.,0.));
#724=IFCDIRECTION((1.,0.));
#725=IFCAXIS2PLACEMENT2D(#723,#724);
#726=IFCISHAPEPROFILEDEF(.AREA.,'W8x48',#725,0.2064,0.21590000000000001,0.010160000000000001,0.017399999999999999,0.0094999999999999998,$,$);
#727=IFCCARTESIANPOINT((0.,0.,0.));
#728=IFCDIRECTION((0.,0.,1.));
#729=IFCDIRECTION((1.,0.,0.));
#730=IFCAXIS2PLACEMENT3D(#727,#728,#729);
#731=IFCDIRECTION((0.,0.,1.));
#732=IFCEXTRUDEDAREASOLID(#726,#730,#731,4.75);
#733=IFCSHAPEREPRESENTATION(#17,'Body','SweptSolid',(#732));
#734=IFCPRODUCTDEFINITIONSHAPE($,$,(#733));
#735=IFCCARTESIANPOINT((21.794,-0.08795,0.));
#736=IFCDIRECTION((0.,0.,1.));
#737=IFCDIRECTION((1.,0.,0.));
#738=IFCAXIS2PLACEMENT3D(#735,#736,#737);
#739=IFCLOCALPLACEMENT(#121,#738);
#740=IFCQUANTITYLENGTH('Length',$,$,4.75,$);
#741=IFCQUANTITYAREA('CrossSectionArea',$,$,0.0090226960000000002,$);
#742=IFCQUANTITYVOLUME('GrossVolume',$,$,0.042857805999999998,$);
#743=IFCQUANTITYVOLUME('NetVolume',$,$,0.042857805999999998,$);
#744=IFCELEMENTQUANTITY('1neJjUxHL2K87blUvlitfG',#5,'Qto_ColumnBaseQuantities',$,$,(#740,#741,#742,#743));
#745=IFCRELDEFINESBYPROPERTIES('2jUGFNLXf7M9urQj5yntbF',#5,$,$,(#717),#744);
#746=IFCOWNERHISTORY(#3,#4,.READWRITE.,.ADDED.,1778402983,#3,#4,1778402983);
#747=IFCPROPERTYSET('1eH4$XLrDC9xpMaUNYoP1t',#746,'Pset_ColumnCommon',$,(#750,#751,#752,#753));
#748=IFCOWNERHISTORY(#3,#4,.READWRITE.,.ADDED.,1778402983,#3,#4,1778402983);
#749=IFCRELDEFINESBYPROPERTIES('2Q$5Bc8l90dhYxwuQUAv9f',#748,$,$,(#717),#747);
#750=IFCPROPERTYSINGLEVALUE('Reference',$,IFCIDENTIFIER('W8x48 ASTM A36'),$);
#751=IFCPROPERTYSINGLEVALUE('LoadBearing',$,IFCBOOLEAN(.T.),$);
#752=IFCPROPERTYSINGLEVALUE('IsExternal',$,IFCBOOLEAN(.T.),$);
#753=IFCPROPERTYSINGLEVALUE('Slope',$,IFCPLANEANGLEMEASURE(0.),$);
#754=IFCOWNERHISTORY(#3,#4,.READWRITE.,.MODIFIED.,1778402983,#3,#4,1778402983);
#755=IFCCOLUMN('2YpllkZpvBq9dZWdxh3jqn',#754,'Column N4',$,$,#777,#772,$,$);
#761=IFCCARTESIANPOINT((0.,0.));
#762=IFCDIRECTION((1.,0.));
#763=IFCAXIS2PLACEMENT2D(#761,#762);
#764=IFCISHAPEPROFILEDEF(.AREA.,'W8x48',#763,0.2064,0.21590000000000001,0.010160000000000001,0.017399999999999999,0.0094999999999999998,$,$);
#765=IFCCARTESIANPOINT((0.,0.,0.));
#766=IFCDIRECTION((0.,0.,1.));
#767=IFCDIRECTION((1.,0.,0.));
#768=IFCAXIS2PLACEMENT3D(#765,#766,#767);
#769=IFCDIRECTION((0.,0.,1.));
#770=IFCEXTRUDEDAREASOLID(#764,#768,#769,4.75);
#771=IFCSHAPEREPRESENTATION(#17,'Body','SweptSolid',(#770));
#772=IFCPRODUCTDEFINITIONSHAPE($,$,(#771));
#773=IFCCARTESIANPOINT((21.794,8.8279500000000013,0.));
#774=IFCDIRECTION((0.,0.,1.));
#775=IFCDIRECTION((1.,0.,0.));
#776=IFCAXIS2PLACEMENT3D(#773,#774,#775);
#777=IFCLOCALPLACEMENT(#121,#776);
#778=IFCQUANTITYLENGTH('Length',$,$,4.75,$);
#779=IFCQUANTITYAREA('CrossSectionArea',$,$,0.0090226960000000002,$);
#780=IFCQUANTITYVOLUME('GrossVolume',$,$,0.042857805999999998,$);
#781=IFCQUANTITYVOLUME('NetVolume',$,$,0.042857805999999998,$);
#782=IFCELEMENTQUANTITY('1IN22hD5zAUB8ByEk2Wifh',#5,'Qto_ColumnBaseQuantities',$,$,(#778,#779,#780,#781));
#783=IFCRELDEFINESBYPROPERTIES('10PSvRQ9P8PP3nt1NMZNCJ',#5,$,$,(#755),#782);
#784=IFCOWNERHISTORY(#3,#4,.READWRITE.,.ADDED.,1778402983,#3,#4,1778402983);
#785=IFCPROPERTYSET('0KyHE5lHXFYQqHFWTYklwH',#784,'Pset_ColumnCommon',$,(#788,#789,#790,#791));
#786=IFCOWNERHISTORY(#3,#4,.READWRITE.,.ADDED.,1778402983,#3,#4,1778402983);
#787=IFCRELDEFINESBYPROPERTIES('2ZrtS3SxfAkOZnmXFsFeL2',#786,$,$,(#755),#785);
#788=IFCPROPERTYSINGLEVALUE('Reference',$,IFCIDENTIFIER('W8x48 ASTM A36'),$);
#789=IFCPROPERTYSINGLEVALUE('LoadBearing',$,IFCBOOLEAN(.T.),$);
#790=IFCPROPERTYSINGLEVALUE('IsExternal',$,IFCBOOLEAN(.T.),$);
#791=IFCPROPERTYSINGLEVALUE('Slope',$,IFCPLANEANGLEMEASURE(0.),$);
#792=IFCOWNERHISTORY(#3,#4,.READWRITE.,.MODIFIED.,1778402983,#3,#4,1778402983);
#793=IFCCURTAINWALL('1sB8S0Ak59MBfc4g1KrGFt',#792,'Curtain Wall \X2\2014\X0\ South',$,$,#803,$,$,.NOTDEFINED.);
#799=IFCCARTESIANPOINT((1.7839499999999999,0.,0.));
#800=IFCDIRECTION((0.,0.,1.));
#801=IFCDIRECTION((1.,0.,0.));
#802=IFCAXIS2PLACEMENT3D(#799,#800,#801);
#803=IFCLOCALPLACEMENT(#126,#802);
#804=IFCOWNERHISTORY(#3,#4,.READWRITE.,.MODIFIED.,1778402983,#3,#4,1778402983);
#805=IFCRELDEFINESBYTYPE('25cHxi5J16LP2Nhs4hnukG',#804,$,$,(#1208,#1853,#793,#1617),#227);
#806=IFCOWNERHISTORY(#3,#4,.READWRITE.,.MODIFIED.,1778402983,#3,#4,1778402983);
#807=IFCMEMBER('3e1k2Gvr99JBloYAxIDjmy',#806,'Curtain Wall \X2\2014\X0\ South Sill',$,$,#1177,#824,$,$);
#813=IFCCARTESIANPOINT((0.,0.));
#814=IFCDIRECTION((1.,0.));
#815=IFCAXIS2PLACEMENT2D(#813,#814);
#816=IFCRECTANGLEPROFILEDEF(.AREA.,$,#815,19.902100000000001,0.025000000000000001);
#817=IFCCARTESIANPOINT((0.,0.,0.));
#818=IFCDIRECTION((0.,0.,1.));
#819=IFCDIRECTION((1.,0.,0.));
#820=IFCAXIS2PLACEMENT3D(#817,#818,#819);
#821=IFCDIRECTION((0.,0.,1.));
#822=IFCEXTRUDEDAREASOLID(#816,#820,#821,0.050000000000000003);
#823=IFCSHAPEREPRESENTATION(#17,'Body','SweptSolid',(#822));
#824=IFCPRODUCTDEFINITIONSHAPE($,$,(#823));
#830=IFCOWNERHISTORY(#3,#4,.READWRITE.,.MODIFIED.,1778402983,#3,#4,1778402983);
#831=IFCRELDEFINESBYTYPE('0eBUK5xqnA5BJdWsYXZIxp',#830,$,$,(#1901,#989,#1364,#1220,#881,#1737,#807,#1256,#917,#1400,#1292,#953,#1629,#1937,#1665,#1973,#1865,#845,#1701,#1328),#229);
#832=IFCQUANTITYLENGTH('Length',$,$,19.902100000000001,$);
#833=IFCQUANTITYAREA('CrossSectionArea',$,$,0.0012500000000000002,$);
#834=IFCQUANTITYVOLUME('GrossVolume',$,$,0.024877625000000004,$);
#835=IFCELEMENTQUANTITY('3zetWXMZ91fQHhK7_r1Ly6',#5,'Qto_MemberBaseQuantities',$,$,(#832,#833,#834));
#836=IFCRELDEFINESBYPROPERTIES('1mxwfkhrfFfPgca6p976lF',#5,$,$,(#807),#835);
#837=IFCOWNERHISTORY(#3,#4,.READWRITE.,.ADDED.,1778402983,#3,#4,1778402983);
#838=IFCPROPERTYSET('0i2j6DFTz1BOUmvkoUX2Ei',#837,'Pset_MemberCommon',$,(#841,#842,#843));
#839=IFCOWNERHISTORY(#3,#4,.READWRITE.,.ADDED.,1778402983,#3,#4,1778402983);
#840=IFCRELDEFINESBYPROPERTIES('1bc7$xNanA88civVr15RNH',#839,$,$,(#807),#838);
#841=IFCPROPERTYSINGLEVALUE('Reference',$,IFCIDENTIFIER('SS angle 50\X2\00D7\X0\50'),$);
#842=IFCPROPERTYSINGLEVALUE('LoadBearing',$,IFCBOOLEAN(.F.),$);
#843=IFCPROPERTYSINGLEVALUE('IsExternal',$,IFCBOOLEAN(.T.),$);
#844=IFCOWNERHISTORY(#3,#4,.READWRITE.,.MODIFIED.,1778402983,#3,#4,1778402983);
#845=IFCMEMBER('29amMwiH1FWByf$B6Az6bY',#844,'Curtain Wall \X2\2014\X0\ South Head',$,$,#1172,#862,$,$);
#851=IFCCARTESIANPOINT((0.,0.));
#852=IFCDIRECTION((1.,0.));
#853=IFCAXIS2PLACEMENT2D(#851,#852);
#854=IFCRECTANGLEPROFILEDEF(.AREA.,$,#853,19.902100000000001,0.025000000000000001);
#855=IFCCARTESIANPOINT((0.,0.,0.));
#856=IFCDIRECTION((0.,0.,1.));
#857=IFCDIRECTION((1.,0.,0.));
#858=IFCAXIS2PLACEMENT3D(#855,#856,#857);
#859=IFCDIRECTION((0.,0.,1.));
#860=IFCEXTRUDEDAREASOLID(#854,#858,#859,0.050000000000000003);
#861=IFCSHAPEREPRESENTATION(#17,'Body','SweptSolid',(#860));
#862=IFCPRODUCTDEFINITIONSHAPE($,$,(#861));
#868=IFCQUANTITYLENGTH('Length',$,$,19.902100000000001,$);
#869=IFCQUANTITYAREA('CrossSectionArea',$,$,0.0012500000000000002,$);
#870=IFCQUANTITYVOLUME('GrossVolume',$,$,0.024877625000000004,$);
#871=IFCELEMENTQUANTITY('1Z5vusFRP0QvR3IC8OnIQc',#5,'Qto_MemberBaseQuantities',$,$,(#868,#869,#870));
#872=IFCRELDEFINESBYPROPERTIES('2C710QsazCmfceQoiTaFHU',#5,$,$,(#845),#871);
#873=IFCOWNERHISTORY(#3,#4,.READWRITE.,.ADDED.,1778402983,#3,#4,1778402983);
#874=IFCPROPERTYSET('1uy8q8Smz2dQilylKulw90',#873,'Pset_MemberCommon',$,(#877,#878,#879));
#875=IFCOWNERHISTORY(#3,#4,.READWRITE.,.ADDED.,1778402983,#3,#4,1778402983);
#876=IFCRELDEFINESBYPROPERTIES('1Y3JZiTIXCzPPGAm_lawcH',#875,$,$,(#845),#874);
#877=IFCPROPERTYSINGLEVALUE('Reference',$,IFCIDENTIFIER('SS angle 50\X2\00D7\X0\50'),$);
#878=IFCPROPERTYSINGLEVALUE('LoadBearing',$,IFCBOOLEAN(.F.),$);
#879=IFCPROPERTYSINGLEVALUE('IsExternal',$,IFCBOOLEAN(.T.),$);
#880=IFCOWNERHISTORY(#3,#4,.READWRITE.,.MODIFIED.,1778402983,#3,#4,1778402983);
#881=IFCMEMBER('0dKKYQggL8UOyBxl9Qm7ev',#880,'Curtain Wall \X2\2014\X0\ South Jamb 1',$,$,#1157,#898,$,$);
#887=IFCCARTESIANPOINT((0.,0.));
#888=IFCDIRECTION((1.,0.));
#889=IFCAXIS2PLACEMENT2D(#887,#888);
#890=IFCRECTANGLEPROFILEDEF(.AREA.,$,#889,0.050000000000000003,0.025000000000000001);
#891=IFCCARTESIANPOINT((0.,0.,0.));
#892=IFCDIRECTION((0.,0.,1.));
#893=IFCDIRECTION((1.,0.,0.));
#894=IFCAXIS2PLACEMENT3D(#891,#892,#893);
#895=IFCDIRECTION((0.,0.,1.));
#896=IFCEXTRUDEDAREASOLID(#890,#894,#895,2.7999999999999998);
#897=IFCSHAPEREPRESENTATION(#17,'Body','SweptSolid',(#896));
#898=IFCPRODUCTDEFINITIONSHAPE($,$,(#897));
#904=IFCQUANTITYLENGTH('Length',$,$,2.7999999999999998,$);
#905=IFCQUANTITYAREA('CrossSectionArea',$,$,0.0012500000000000002,$);
#906=IFCQUANTITYVOLUME('GrossVolume',$,$,0.0035000000000000005,$);
#907=IFCELEMENTQUANTITY('3$gujzFcLC9RgYh_dYYSyG',#5,'Qto_MemberBaseQuantities',$,$,(#904,#905,#906));
#908=IFCRELDEFINESBYPROPERTIES('3R5qNAiuT5pREYV_TyrbwZ',#5,$,$,(#881),#907);
#909=IFCOWNERHISTORY(#3,#4,.READWRITE.,.ADDED.,1778402983,#3,#4,1778402983);
#910=IFCPROPERTYSET('2gw2qRoN192vQzScSCzfbi',#909,'Pset_MemberCommon',$,(#913,#914,#915));
#911=IFCOWNERHISTORY(#3,#4,.READWRITE.,.ADDED.,1778402983,#3,#4,1778402983);
#912=IFCRELDEFINESBYPROPERTIES('0nBcOrX253Xe3QfeW7QdBG',#911,$,$,(#881),#910);
#913=IFCPROPERTYSINGLEVALUE('Reference',$,IFCIDENTIFIER('SS angle 50\X2\00D7\X0\50'),$);
#914=IFCPROPERTYSINGLEVALUE('LoadBearing',$,IFCBOOLEAN(.F.),$);
#915=IFCPROPERTYSINGLEVALUE('IsExternal',$,IFCBOOLEAN(.T.),$);
#916=IFCOWNERHISTORY(#3,#4,.READWRITE.,.MODIFIED.,1778402983,#3,#4,1778402983);
#917=IFCMEMBER('2q8Zra0FbFo9q8DuYTZnlA',#916,'Curtain Wall \X2\2014\X0\ South Jamb 2',$,$,#1182,#934,$,$);
#923=IFCCARTESIANPOINT((0.,0.));
#924=IFCDIRECTION((1.,0.));
#925=IFCAXIS2PLACEMENT2D(#923,#924);
#926=IFCRECTANGLEPROFILEDEF(.AREA.,$,#925,0.050000000000000003,0.025000000000000001);
#927=IFCCARTESIANPOINT((0.,0.,0.));
#928=IFCDIRECTION((0.,0.,1.));
#929=IFCDIRECTION((1.,0.,0.));
#930=IFCAXIS2PLACEMENT3D(#927,#928,#929);
#931=IFCDIRECTION((0.,0.,1.));
#932=IFCEXTRUDEDAREASOLID(#926,#930,#931,2.7999999999999998);
#933=IFCSHAPEREPRESENTATION(#17,'Body','SweptSolid',(#932));
#934=IFCPRODUCTDEFINITIONSHAPE($,$,(#933));
#940=IFCQUANTITYLENGTH('Length',$,$,2.7999999999999998,$);
#941=IFCQUANTITYAREA('CrossSectionArea',$,$,0.0012500000000000002,$);
#942=IFCQUANTITYVOLUME('GrossVolume',$,$,0.0035000000000000005,$);
#943=IFCELEMENTQUANTITY('3zuelaQmP2u9lmv78TaLjo',#5,'Qto_MemberBaseQuantities',$,$,(#940,#941,#942));
#944=IFCRELDEFINESBYPROPERTIES('1NEcN1osf8IfJRzuAt4nX5',#5,$,$,(#917),#943);
#945=IFCOWNERHISTORY(#3,#4,.READWRITE.,.ADDED.,1778402983,#3,#4,1778402983);
#946=IFCPROPERTYSET('1GUIPFmPj2YerJZOTby33F',#945,'Pset_MemberCommon',$,(#949,#950,#951));
#947=IFCOWNERHISTORY(#3,#4,.READWRITE.,.ADDED.,1778402983,#3,#4,1778402983);
#948=IFCRELDEFINESBYPROPERTIES('2Ze_GdL6r1xf9zTst0c8sl',#947,$,$,(#917),#946);
#949=IFCPROPERTYSINGLEVALUE('Reference',$,IFCIDENTIFIER('SS angle 50\X2\00D7\X0\50'),$);
#950=IFCPROPERTYSINGLEVALUE('LoadBearing',$,IFCBOOLEAN(.F.),$);
#951=IFCPROPERTYSINGLEVALUE('IsExternal',$,IFCBOOLEAN(.T.),$);
#952=IFCOWNERHISTORY(#3,#4,.READWRITE.,.MODIFIED.,1778402983,#3,#4,1778402983);
#953=IFCMEMBER('0kwvccF3f4QPG3qyMeZv3J',#952,'Curtain Wall \X2\2014\X0\ South Jamb 3',$,$,#1187,#970,$,$);
#959=IFCCARTESIANPOINT((0.,0.));
#960=IFCDIRECTION((1.,0.));
#961=IFCAXIS2PLACEMENT2D(#959,#960);
#962=IFCRECTANGLEPROFILEDEF(.AREA.,$,#961,0.050000000000000003,0.025000000000000001);
#963=IFCCARTESIANPOINT((0.,0.,0.));
#964=IFCDIRECTION((0.,0.,1.));
#965=IFCDIRECTION((1.,0.,0.));
#966=IFCAXIS2PLACEMENT3D(#963,#964,#965);
#967=IFCDIRECTION((0.,0.,1.));
#968=IFCEXTRUDEDAREASOLID(#962,#966,#967,2.7999999999999998);
#969=IFCSHAPEREPRESENTATION(#17,'Body','SweptSolid',(#968));
#970=IFCPRODUCTDEFINITIONSHAPE($,$,(#969));
#976=IFCQUANTITYLENGTH('Length',$,$,2.7999999999999998,$);
#977=IFCQUANTITYAREA('CrossSectionArea',$,$,0.0012500000000000002,$);
#978=IFCQUANTITYVOLUME('GrossVolume',$,$,0.0035000000000000005,$);
#979=IFCELEMENTQUANTITY('2by3mgven5CvfYH$dsxmN2',#5,'Qto_MemberBaseQuantities',$,$,(#976,#977,#978));
#980=IFCRELDEFINESBYPROPERTIES('2RuzMQ33H0g8MOi_$kiVVP',#5,$,$,(#953),#979);
#981=IFCOWNERHISTORY(#3,#4,.READWRITE.,.ADDED.,1778402983,#3,#4,1778402983);
#982=IFCPROPERTYSET('2qlzE0pFn9V9vaEhkOptX3',#981,'Pset_MemberCommon',$,(#985,#986,#987));
#983=IFCOWNERHISTORY(#3,#4,.READWRITE.,.ADDED.,1778402983,#3,#4,1778402983);
#984=IFCRELDEFINESBYPROPERTIES('1fBE9msNb1V8wWoNaulYdh',#983,$,$,(#953),#982);
#985=IFCPROPERTYSINGLEVALUE('Reference',$,IFCIDENTIFIER('SS angle 50\X2\00D7\X0\50'),$);
#986=IFCPROPERTYSINGLEVALUE('LoadBearing',$,IFCBOOLEAN(.F.),$);
#987=IFCPROPERTYSINGLEVALUE('IsExternal',$,IFCBOOLEAN(.T.),$);
#988=IFCOWNERHISTORY(#3,#4,.READWRITE.,.MODIFIED.,1778402983,#3,#4,1778402983);
#989=IFCMEMBER('0Z7dTaPFPEexBW7Y5kT2kH',#988,'Curtain Wall \X2\2014\X0\ South Jamb 4',$,$,#1152,#1006,$,$);
#995=IFCCARTESIANPOINT((0.,0.));
#996=IFCDIRECTION((1.,0.));
#997=IFCAXIS2PLACEMENT2D(#995,#996);
#998=IFCRECTANGLEPROFILEDEF(.AREA.,$,#997,0.050000000000000003,0.025000000000000001);
#999=IFCCARTESIANPOINT((0.,0.,0.));
#1000=IFCDIRECTION((0.,0.,1.));
#1001=IFCDIRECTION((1.,0.,0.));
#1002=IFCAXIS2PLACEMENT3D(#999,#1000,#1001);
#1003=IFCDIRECTION((0.,0.,1.));
#1004=IFCEXTRUDEDAREASOLID(#998,#1002,#1003,2.7999999999999998);
#1005=IFCSHAPEREPRESENTATION(#17,'Body','SweptSolid',(#1004));
#1006=IFCPRODUCTDEFINITIONSHAPE($,$,(#1005));
#1012=IFCQUANTITYLENGTH('Length',$,$,2.7999999999999998,$);
#1013=IFCQUANTITYAREA('CrossSectionArea',$,$,0.0012500000000000002,$);
#1014=IFCQUANTITYVOLUME('GrossVolume',$,$,0.0035000000000000005,$);
#1015=IFCELEMENTQUANTITY('1mNjDMnZLAM8XQRzwzFBp5',#5,'Qto_MemberBaseQuantities',$,$,(#1012,#1013,#1014));
#1016=IFCRELDEFINESBYPROPERTIES('2_60Z7EW5FKu6iAtETsQhq',#5,$,$,(#989),#1015);
#1017=IFCOWNERHISTORY(#3,#4,.READWRITE.,.ADDED.,1778402983,#3,#4,1778402983);
#1018=IFCPROPERTYSET('1pi3X6pjjEMQhX_VbE_hS_',#1017,'Pset_MemberCommon',$,(#1021,#1022,#1023));
#1019=IFCOWNERHISTORY(#3,#4,.READWRITE.,.ADDED.,1778402983,#3,#4,1778402983);
#1020=IFCRELDEFINESBYPROPERTIES('0w3Ql7cbX6uwrUiYvAeiIL',#1019,$,$,(#989),#1018);
#1021=IFCPROPERTYSINGLEVALUE('Reference',$,IFCIDENTIFIER('SS angle 50\X2\00D7\X0\50'),$);
#1022=IFCPROPERTYSINGLEVALUE('LoadBearing',$,IFCBOOLEAN(.F.),$);
#1023=IFCPROPERTYSINGLEVALUE('IsExternal',$,IFCBOOLEAN(.T.),$);
#1024=IFCOWNERHISTORY(#3,#4,.READWRITE.,.MODIFIED.,1778402983,#3,#4,1778402983);
#1025=IFCPLATE('1Iup4jq1T7lxW_WHr_mCVY',#1024,'Curtain Wall \X2\2014\X0\ South Glass Panel 1',$,$,#1162,#1042,$,$);
#1031=IFCCARTESIANPOINT((0.,0.));
#1032=IFCDIRECTION((1.,0.));
#1033=IFCAXIS2PLACEMENT2D(#1031,#1032);
#1034=IFCRECTANGLEPROFILEDEF(.AREA.,$,#1033,6.4400999999999993,0.025000000000000001);
#1035=IFCCARTESIANPOINT((0.,0.,0.));
#1036=IFCDIRECTION((0.,0.,1.));
#1037=IFCDIRECTION((1.,0.,0.));
#1038=IFCAXIS2PLACEMENT3D(#1035,#1036,#1037);
#1039=IFCDIRECTION((0.,0.,1.));
#1040=IFCEXTRUDEDAREASOLID(#1034,#1038,#1039,2.7999999999999998);
#1041=IFCSHAPEREPRESENTATION(#17,'Body','SweptSolid',(#1040));
#1042=IFCPRODUCTDEFINITIONSHAPE($,$,(#1041));
#1048=IFCOWNERHISTORY(#3,#4,.READWRITE.,.MODIFIED.,1778402983,#3,#4,1778402983);
#1049=IFCRELDEFINESBYTYPE('3uwjWKyEH8iQtowMsakGyw',#1048,$,$,(#1067,#1773,#2009,#1516,#1025,#1107,#1436,#1476),#231);
#1050=IFCQUANTITYLENGTH('Width',$,$,6.4400999999999993,$);
#1051=IFCQUANTITYLENGTH('Height',$,$,2.7999999999999998,$);
#1052=IFCQUANTITYLENGTH('Thickness',$,$,0.025000000000000001,$);
#1053=IFCQUANTITYAREA('GrossArea',$,$,18.032279999999997,$);
#1054=IFCQUANTITYAREA('NetArea',$,$,18.032279999999997,$);
#1055=IFCQUANTITYVOLUME('GrossVolume',$,$,0.45080699999999996,$);
#1056=IFCELEMENTQUANTITY('2O0HQ_97X8WA3BZopnLaCL',#5,'Qto_PlateBaseQuantities',$,$,(#1050,#1051,#1052,#1053,#1054,#1055));
#1057=IFCRELDEFINESBYPROPERTIES('0au6G2lXL3_h9VgTrmpr_9',#5,$,$,(#1025),#1056);
#1058=IFCOWNERHISTORY(#3,#4,.READWRITE.,.ADDED.,1778402983,#3,#4,1778402983);
#1059=IFCPROPERTYSET('1glUjI7J9839UkEFweZjrB',#1058,'Pset_PlateCommon',$,(#1062,#1063,#1064,#1065));
#1060=IFCOWNERHISTORY(#3,#4,.READWRITE.,.ADDED.,1778402983,#3,#4,1778402983);
#1061=IFCRELDEFINESBYPROPERTIES('3sKcsjrd16BhXH3Fbt4jZB',#1060,$,$,(#1025),#1059);
#1062=IFCPROPERTYSINGLEVALUE('Reference',$,IFCIDENTIFIER('Single-pane plate glass 25mm'),$);
#1063=IFCPROPERTYSINGLEVALUE('LoadBearing',$,IFCBOOLEAN(.F.),$);
#1064=IFCPROPERTYSINGLEVALUE('IsExternal',$,IFCBOOLEAN(.T.),$);
#1065=IFCPROPERTYSINGLEVALUE('ThermalTransmittance',$,IFCTHERMALTRANSMITTANCEMEASURE(5.7999999999999998),$);
#1066=IFCOWNERHISTORY(#3,#4,.READWRITE.,.MODIFIED.,1778402983,#3,#4,1778402983);
#1067=IFCPLATE('3iDQD5hBHFu8YK5VAp8LpL',#1066,'Curtain Wall \X2\2014\X0\ South Glass Panel 2',$,$,#1192,#1084,$,$);
#1073=IFCCARTESIANPOINT((0.,0.));
#1074=IFCDIRECTION((1.,0.));
#1075=IFCAXIS2PLACEMENT2D(#1073,#1074);
#1076=IFCRECTANGLEPROFILEDEF(.AREA.,$,#1075,13.146100000000001,0.025000000000000001);
#1077=IFCCARTESIANPOINT((0.,0.,0.));
#1078=IFCDIRECTION((0.,0.,1.));
#1079=IFCDIRECTION((1.,0.,0.));
#1080=IFCAXIS2PLACEMENT3D(#1077,#1078,#1079);
#1081=IFCDIRECTION((0.,0.,1.));
#1082=IFCEXTRUDEDAREASOLID(#1076,#1080,#1081,2.7999999999999998);
#1083=IFCSHAPEREPRESENTATION(#17,'Body','SweptSolid',(#1082));
#1084=IFCPRODUCTDEFINITIONSHAPE($,$,(#1083));
#1090=IFCQUANTITYLENGTH('Width',$,$,13.146100000000001,$);
#1091=IFCQUANTITYLENGTH('Height',$,$,2.7999999999999998,$);
#1092=IFCQUANTITYLENGTH('Thickness',$,$,0.025000000000000001,$);
#1093=IFCQUANTITYAREA('GrossArea',$,$,36.809080000000002,$);
#1094=IFCQUANTITYAREA('NetArea',$,$,36.809080000000002,$);
#1095=IFCQUANTITYVOLUME('GrossVolume',$,$,0.92022700000000013,$);
#1096=IFCELEMENTQUANTITY('2i9JfbcrzDrPQC_T3pmT$P',#5,'Qto_PlateBaseQuantities',$,$,(#1090,#1091,#1092,#1093,#1094,#1095));
#1097=IFCRELDEFINESBYPROPERTIES('2$n9O7wpzCuR9f3mo0Goq1',#5,$,$,(#1067),#1096);
#1098=IFCOWNERHISTORY(#3,#4,.READWRITE.,.ADDED.,1778402983,#3,#4,1778402983);
#1099=IFCPROPERTYSET('0eyPO82jf6YBeU6FsNlpoW',#1098,'Pset_PlateCommon',$,(#1102,#1103,#1104,#1105));
#1100=IFCOWNERHISTORY(#3,#4,.READWRITE.,.ADDED.,1778402983,#3,#4,1778402983);
#1101=IFCRELDEFINESBYPROPERTIES('2hSIAy$nrA5OWGdw8Ws4q1',#1100,$,$,(#1067),#1099);
#1102=IFCPROPERTYSINGLEVALUE('Reference',$,IFCIDENTIFIER('Single-pane plate glass 25mm'),$);
#1103=IFCPROPERTYSINGLEVALUE('LoadBearing',$,IFCBOOLEAN(.F.),$);
#1104=IFCPROPERTYSINGLEVALUE('IsExternal',$,IFCBOOLEAN(.T.),$);
#1105=IFCPROPERTYSINGLEVALUE('ThermalTransmittance',$,IFCTHERMALTRANSMITTANCEMEASURE(5.7999999999999998),$);
#1106=IFCOWNERHISTORY(#3,#4,.READWRITE.,.MODIFIED.,1778402983,#3,#4,1778402983);
#1107=IFCPLATE('2x1A5ypS9CgPrVfU0EudSx',#1106,'Curtain Wall \X2\2014\X0\ South Glass Panel 3',$,$,#1167,#1124,$,$);
#1113=IFCCARTESIANPOINT((0.,0.));
#1114=IFCDIRECTION((1.,0.));
#1115=IFCAXIS2PLACEMENT2D(#1113,#1114);
#1116=IFCRECTANGLEPROFILEDEF(.AREA.,$,#1115,0.1659000000000006,0.025000000000000001);
#1117=IFCCARTESIANPOINT((0.,0.,0.));
#1118=IFCDIRECTION((0.,0.,1.));
#1119=IFCDIRECTION((1.,0.,0.));
#1120=IFCAXIS2PLACEMENT3D(#1117,#1118,#1119);
#1121=IFCDIRECTION((0.,0.,1.));
#1122=IFCEXTRUDEDAREASOLID(#1116,#1120,#1121,2.7999999999999998);
#1123=IFCSHAPEREPRESENTATION(#17,'Body','SweptSolid',(#1122));
#1124=IFCPRODUCTDEFINITIONSHAPE($,$,(#1123));
#1130=IFCQUANTITYLENGTH('Width',$,$,0.1659000000000006,$);
#1131=IFCQUANTITYLENGTH('Height',$,$,2.7999999999999998,$);
#1132=IFCQUANTITYLENGTH('Thickness',$,$,0.025000000000000001,$);
#1133=IFCQUANTITYAREA('GrossArea',$,$,0.46452000000000165,$);
#1134=IFCQUANTITYAREA('NetArea',$,$,0.46452000000000165,$);
#1135=IFCQUANTITYVOLUME('GrossVolume',$,$,0.011613000000000042,$);
#1136=IFCELEMENTQUANTITY('3vh$jUD_91RBWcBki9x6lR',#5,'Qto_PlateBaseQuantities',$,$,(#1130,#1131,#1132,#1133,#1134,#1135));
#1137=IFCRELDEFINESBYPROPERTIES('0bGUKILybEf8bDO3niJcc7',#5,$,$,(#1107),#1136);
#1138=IFCOWNERHISTORY(#3,#4,.READWRITE.,.ADDED.,1778402983,#3,#4,1778402983);
#1139=IFCPROPERTYSET('392GW0WRz5y8Y7YaDt72uV',#1138,'Pset_PlateCommon',$,(#1142,#1143,#1144,#1145));
#1140=IFCOWNERHISTORY(#3,#4,.READWRITE.,.ADDED.,1778402983,#3,#4,1778402983);
#1141=IFCRELDEFINESBYPROPERTIES('2Z45erHvv18QhFU9ebBGt9',#1140,$,$,(#1107),#1139);
#1142=IFCPROPERTYSINGLEVALUE('Reference',$,IFCIDENTIFIER('Single-pane plate glass 25mm'),$);
#1143=IFCPROPERTYSINGLEVALUE('LoadBearing',$,IFCBOOLEAN(.F.),$);
#1144=IFCPROPERTYSINGLEVALUE('IsExternal',$,IFCBOOLEAN(.T.),$);
#1145=IFCPROPERTYSINGLEVALUE('ThermalTransmittance',$,IFCTHERMALTRANSMITTANCEMEASURE(5.7999999999999998),$);
#1146=IFCOWNERHISTORY(#3,#4,.READWRITE.,.ADDED.,1778402983,#3,#4,1778402983);
#1147=IFCRELAGGREGATES('11tJQVvx9AXAHaAI$Er9Qe',#1146,$,$,#793,(#989,#881,#1025,#1107,#845,#807,#917,#953,#1067));
#1148=IFCCARTESIANPOINT((19.902100000000001,0.,0.050000000000000044));
#1149=IFCDIRECTION((0.,0.,1.));
#1150=IFCDIRECTION((1.,0.,0.));
#1151=IFCAXIS2PLACEMENT3D(#1148,#1149,#1150);
#1152=IFCLOCALPLACEMENT(#803,#1151);
#1153=IFCCARTESIANPOINT((0.,0.,0.050000000000000044));
#1154=IFCDIRECTION((0.,0.,1.));
#1155=IFCDIRECTION((1.,0.,0.));
#1156=IFCAXIS2PLACEMENT3D(#1153,#1154,#1155);
#1157=IFCLOCALPLACEMENT(#803,#1156);
#1158=IFCCARTESIANPOINT((0.050000000000000044,0.,0.050000000000000044));
#1159=IFCDIRECTION((0.,0.,1.));
#1160=IFCDIRECTION((1.,0.,0.));
#1161=IFCAXIS2PLACEMENT3D(#1158,#1159,#1160);
#1162=IFCLOCALPLACEMENT(#803,#1161);
#1163=IFCCARTESIANPOINT((19.7362,0.,0.050000000000000044));
#1164=IFCDIRECTION((0.,0.,1.));
#1165=IFCDIRECTION((1.,0.,0.));
#1166=IFCAXIS2PLACEMENT3D(#1163,#1164,#1165);
#1167=IFCLOCALPLACEMENT(#803,#1166);
#1168=IFCCARTESIANPOINT((0.,0.,2.8500000000000001));
#1169=IFCDIRECTION((0.,0.,1.));
#1170=IFCDIRECTION((1.,0.,0.));
#1171=IFCAXIS2PLACEMENT3D(#1168,#1169,#1170);
#1172=IFCLOCALPLACEMENT(#803,#1171);
#1173=IFCCARTESIANPOINT((0.,0.,0.));
#1174=IFCDIRECTION((0.,0.,1.));
#1175=IFCDIRECTION((1.,0.,0.));
#1176=IFCAXIS2PLACEMENT3D(#1173,#1174,#1175);
#1177=IFCLOCALPLACEMENT(#803,#1176);
#1178=IFCCARTESIANPOINT((6.4900999999999991,0.,0.050000000000000044));
#1179=IFCDIRECTION((0.,0.,1.));
#1180=IFCDIRECTION((1.,0.,0.));
#1181=IFCAXIS2PLACEMENT3D(#1178,#1179,#1180);
#1182=IFCLOCALPLACEMENT(#803,#1181);
#1183=IFCCARTESIANPOINT((19.686199999999999,0.,0.050000000000000044));
#1184=IFCDIRECTION((0.,0.,1.));
#1185=IFCDIRECTION((1.,0.,0.));
#1186=IFCAXIS2PLACEMENT3D(#1183,#1184,#1185);
#1187=IFCLOCALPLACEMENT(#803,#1186);
#1188=IFCCARTESIANPOINT((6.5400999999999998,0.,0.050000000000000044));
#1189=IFCDIRECTION((0.,0.,1.));
#1190=IFCDIRECTION((1.,0.,0.));
#1191=IFCAXIS2PLACEMENT3D(#1188,#1189,#1190);
#1192=IFCLOCALPLACEMENT(#803,#1191);
#1193=IFCOWNERHISTORY(#3,#4,.READWRITE.,.ADDED.,1778402983,#3,#4,1778402983);
#1194=IFCPROPERTYSET('0No$_4uN91ExmpsyVz0Weq',#1193,'Pset_CurtainWallCommon',$,(#1197,#1198,#1199,#1200));
#1195=IFCOWNERHISTORY(#3,#4,.READWRITE.,.ADDED.,1778402983,#3,#4,1778402983);
#1196=IFCRELDEFINESBYPROPERTIES('2AqbPTPQH11PQvRNTN_FwY',#1195,$,$,(#793),#1194);
#1197=IFCPROPERTYSINGLEVALUE('Reference',$,IFCIDENTIFIER('GLASS-CW-2900'),$);
#1198=IFCPROPERTYSINGLEVALUE('IsExternal',$,IFCBOOLEAN(.T.),$);
#1199=IFCPROPERTYSINGLEVALUE('LoadBearing',$,IFCBOOLEAN(.F.),$);
#1200=IFCPROPERTYSINGLEVALUE('ThermalTransmittance',$,IFCTHERMALTRANSMITTANCEMEASURE(5.7999999999999998),$);
#1201=IFCQUANTITYLENGTH('Length',$,$,19.902100000000001,$);
#1202=IFCQUANTITYLENGTH('Height',$,$,2.8999999999999999,$);
#1203=IFCQUANTITYAREA('GrossSideArea',$,$,57.716090000000001,$);
#1204=IFCQUANTITYAREA('NetSideArea',$,$,57.716090000000001,$);
#1205=IFCELEMENTQUANTITY('3HTvoKnLH7GO6kj5dPqswp',#5,'Qto_WallBaseQuantities',$,$,(#1201,#1202,#1203,#1204));
#1206=IFCRELDEFINESBYPROPERTIES('1rPLDzlpX6G8LyERUPssrV',#5,$,$,(#793),#1205);
#1207=IFCOWNERHISTORY(#3,#4,.READWRITE.,.MODIFIED.,1778402983,#3,#4,1778402983);
#1208=IFCCURTAINWALL('3PiUFivdj4$A181Ks7Dcfj',#1207,'Curtain Wall \X2\2014\X0\ North',$,$,#1218,$,$,.NOTDEFINED.);
#1214=IFCCARTESIANPOINT((1.7839499999999999,8.7149999999999999,0.));
#1215=IFCDIRECTION((0.,0.,1.));
#1216=IFCDIRECTION((1.,0.,0.));
#1217=IFCAXIS2PLACEMENT3D(#1214,#1215,#1216);
#1218=IFCLOCALPLACEMENT(#126,#1217);
#1219=IFCOWNERHISTORY(#3,#4,.READWRITE.,.MODIFIED.,1778402983,#3,#4,1778402983);
#1220=IFCMEMBER('1D7MCFESnD3P4S6iz$Dvf0',#1219,'Curtain Wall \X2\2014\X0\ North Sill',$,$,#1566,#1237,$,$);
#1226=IFCCARTESIANPOINT((0.,0.));
#1227=IFCDIRECTION((1.,0.));
#1228=IFCAXIS2PLACEMENT2D(#1226,#1227);
#1229=IFCRECTANGLEPROFILEDEF(.AREA.,$,#1228,19.902100000000001,0.025000000000000001);
#1230=IFCCARTESIANPOINT((0.,0.,0.));
#1231=IFCDIRECTION((0.,0.,1.));
#1232=IFCDIRECTION((1.,0.,0.));
#1233=IFCAXIS2PLACEMENT3D(#1230,#1231,#1232);
#1234=IFCDIRECTION((0.,0.,1.));
#1235=IFCEXTRUDEDAREASOLID(#1229,#1233,#1234,0.050000000000000003);
#1236=IFCSHAPEREPRESENTATION(#17,'Body','SweptSolid',(#1235));
#1237=IFCPRODUCTDEFINITIONSHAPE($,$,(#1236));
#1243=IFCQUANTITYLENGTH('Length',$,$,19.902100000000001,$);
#1244=IFCQUANTITYAREA('CrossSectionArea',$,$,0.0012500000000000002,$);
#1245=IFCQUANTITYVOLUME('GrossVolume',$,$,0.024877625000000004,$);
#1246=IFCELEMENTQUANTITY('3aEYylyo54KA4k7YHwIGTA',#5,'Qto_MemberBaseQuantities',$,$,(#1243,#1244,#1245));
#1247=IFCRELDEFINESBYPROPERTIES('3h8PIHnE10jBIiE6lrAIAh',#5,$,$,(#1220),#1246);
#1248=IFCOWNERHISTORY(#3,#4,.READWRITE.,.ADDED.,1778402983,#3,#4,1778402983);
#1249=IFCPROPERTYSET('3C_HewrG91pOSs5tyF_wK_',#1248,'Pset_MemberCommon',$,(#1252,#1253,#1254));
#1250=IFCOWNERHISTORY(#3,#4,.READWRITE.,.ADDED.,1778402983,#3,#4,1778402983);
#1251=IFCRELDEFINESBYPROPERTIES('1fQ6ELBhn6zOLUYXlebx$P',#1250,$,$,(#1220),#1249);
#1252=IFCPROPERTYSINGLEVALUE('Reference',$,IFCIDENTIFIER('SS angle 50\X2\00D7\X0\50'),$);
#1253=IFCPROPERTYSINGLEVALUE('LoadBearing',$,IFCBOOLEAN(.F.),$);
#1254=IFCPROPERTYSINGLEVALUE('IsExternal',$,IFCBOOLEAN(.T.),$);
#1255=IFCOWNERHISTORY(#3,#4,.READWRITE.,.MODIFIED.,1778402983,#3,#4,1778402983);
#1256=IFCMEMBER('07kNzDcOfDShlJ6ePJbe24',#1255,'Curtain Wall \X2\2014\X0\ North Head',$,$,#1581,#1273,$,$);
#1262=IFCCARTESIANPOINT((0.,0.));
#1263=IFCDIRECTION((1.,0.));
#1264=IFCAXIS2PLACEMENT2D(#1262,#1263);
#1265=IFCRECTANGLEPROFILEDEF(.AREA.,$,#1264,19.902100000000001,0.025000000000000001);
#1266=IFCCARTESIANPOINT((0.,0.,0.));
#1267=IFCDIRECTION((0.,0.,1.));
#1268=IFCDIRECTION((1.,0.,0.));
#1269=IFCAXIS2PLACEMENT3D(#1266,#1267,#1268);
#1270=IFCDIRECTION((0.,0.,1.));
#1271=IFCEXTRUDEDAREASOLID(#1265,#1269,#1270,0.050000000000000003);
#1272=IFCSHAPEREPRESENTATION(#17,'Body','SweptSolid',(#1271));
#1273=IFCPRODUCTDEFINITIONSHAPE($,$,(#1272));
#1279=IFCQUANTITYLENGTH('Length',$,$,19.902100000000001,$);
#1280=IFCQUANTITYAREA('CrossSectionArea',$,$,0.0012500000000000002,$);
#1281=IFCQUANTITYVOLUME('GrossVolume',$,$,0.024877625000000004,$);
#1282=IFCELEMENTQUANTITY('0BEgucG296qRNfa$LSNaP_',#5,'Qto_MemberBaseQuantities',$,$,(#1279,#1280,#1281));
#1283=IFCRELDEFINESBYPROPERTIES('2MeBSuh0b5zv548o7qIZyU',#5,$,$,(#1256),#1282);
#1284=IFCOWNERHISTORY(#3,#4,.READWRITE.,.ADDED.,1778402983,#3,#4,1778402983);
#1285=IFCPROPERTYSET('0D8pY6iOLC$efH4rqydK_h',#1284,'Pset_MemberCommon',$,(#1288,#1289,#1290));
#1286=IFCOWNERHISTORY(#3,#4,.READWRITE.,.ADDED.,1778402983,#3,#4,1778402983);
#1287=IFCRELDEFINESBYPROPERTIES('2EyntXD3fFQRBFExu3lTkU',#1286,$,$,(#1256),#1285);
#1288=IFCPROPERTYSINGLEVALUE('Reference',$,IFCIDENTIFIER('SS angle 50\X2\00D7\X0\50'),$);
#1289=IFCPROPERTYSINGLEVALUE('LoadBearing',$,IFCBOOLEAN(.F.),$);
#1290=IFCPROPERTYSINGLEVALUE('IsExternal',$,IFCBOOLEAN(.T.),$);
#1291=IFCOWNERHISTORY(#3,#4,.READWRITE.,.MODIFIED.,1778402983,#3,#4,1778402983);
#1292=IFCMEMBER('2qe0y3eRb5kRG6iNAPM7JZ',#1291,'Curtain Wall \X2\2014\X0\ North Jamb 1',$,$,#1591,#1309,$,$);
#1298=IFCCARTESIANPOINT((0.,0.));
#1299=IFCDIRECTION((1.,0.));
#1300=IFCAXIS2PLACEMENT2D(#1298,#1299);
#1301=IFCRECTANGLEPROFILEDEF(.AREA.,$,#1300,0.050000000000000003,0.025000000000000001);
#1302=IFCCARTESIANPOINT((0.,0.,0.));
#1303=IFCDIRECTION((0.,0.,1.));
#1304=IFCDIRECTION((1.,0.,0.));
#1305=IFCAXIS2PLACEMENT3D(#1302,#1303,#1304);
#1306=IFCDIRECTION((0.,0.,1.));
#1307=IFCEXTRUDEDAREASOLID(#1301,#1305,#1306,2.7999999999999998);
#1308=IFCSHAPEREPRESENTATION(#17,'Body','SweptSolid',(#1307));
#1309=IFCPRODUCTDEFINITIONSHAPE($,$,(#1308));
#1315=IFCQUANTITYLENGTH('Length',$,$,2.7999999999999998,$);
#1316=IFCQUANTITYAREA('CrossSectionArea',$,$,0.0012500000000000002,$);
#1317=IFCQUANTITYVOLUME('GrossVolume',$,$,0.0035000000000000005,$);
#1318=IFCELEMENTQUANTITY('0yDOMaJAzFYOWfWTD7djbJ',#5,'Qto_MemberBaseQuantities',$,$,(#1315,#1316,#1317));
#1319=IFCRELDEFINESBYPROPERTIES('14N_TbIqD53Bm6Kp5ZXYOw',#5,$,$,(#1292),#1318);
#1320=IFCOWNERHISTORY(#3,#4,.READWRITE.,.ADDED.,1778402983,#3,#4,1778402983);
#1321=IFCPROPERTYSET('3Kvzo1S2f1MxJK9fd21QoU',#1320,'Pset_MemberCommon',$,(#1324,#1325,#1326));
#1322=IFCOWNERHISTORY(#3,#4,.READWRITE.,.ADDED.,1778402983,#3,#4,1778402983);
#1323=IFCRELDEFINESBYPROPERTIES('3Wr3XaV093GOI2tGvuMOSS',#1322,$,$,(#1292),#1321);
#1324=IFCPROPERTYSINGLEVALUE('Reference',$,IFCIDENTIFIER('SS angle 50\X2\00D7\X0\50'),$);
#1325=IFCPROPERTYSINGLEVALUE('LoadBearing',$,IFCBOOLEAN(.F.),$);
#1326=IFCPROPERTYSINGLEVALUE('IsExternal',$,IFCBOOLEAN(.T.),$);
#1327=IFCOWNERHISTORY(#3,#4,.READWRITE.,.MODIFIED.,1778402983,#3,#4,1778402983);
#1328=IFCMEMBER('0S$OPjp1f6YhDlERYh9axL',#1327,'Curtain Wall \X2\2014\X0\ North Jamb 2',$,$,#1601,#1345,$,$);
#1334=IFCCARTESIANPOINT((0.,0.));
#1335=IFCDIRECTION((1.,0.));
#1336=IFCAXIS2PLACEMENT2D(#1334,#1335);
#1337=IFCRECTANGLEPROFILEDEF(.AREA.,$,#1336,0.050000000000000003,0.025000000000000001);
#1338=IFCCARTESIANPOINT((0.,0.,0.));
#1339=IFCDIRECTION((0.,0.,1.));
#1340=IFCDIRECTION((1.,0.,0.));
#1341=IFCAXIS2PLACEMENT3D(#1338,#1339,#1340);
#1342=IFCDIRECTION((0.,0.,1.));
#1343=IFCEXTRUDEDAREASOLID(#1337,#1341,#1342,2.7999999999999998);
#1344=IFCSHAPEREPRESENTATION(#17,'Body','SweptSolid',(#1343));
#1345=IFCPRODUCTDEFINITIONSHAPE($,$,(#1344));
#1351=IFCQUANTITYLENGTH('Length',$,$,2.7999999999999998,$);
#1352=IFCQUANTITYAREA('CrossSectionArea',$,$,0.0012500000000000002,$);
#1353=IFCQUANTITYVOLUME('GrossVolume',$,$,0.0035000000000000005,$);
#1354=IFCELEMENTQUANTITY('3DFZUPUrP6zx9q9wOitlxJ',#5,'Qto_MemberBaseQuantities',$,$,(#1351,#1352,#1353));
#1355=IFCRELDEFINESBYPROPERTIES('0Z779wOcXF4eoMtmZeA_MQ',#5,$,$,(#1328),#1354);
#1356=IFCOWNERHISTORY(#3,#4,.READWRITE.,.ADDED.,1778402983,#3,#4,1778402983);
#1357=IFCPROPERTYSET('2TSEE8WQTBvPmEXNRonpHo',#1356,'Pset_MemberCommon',$,(#1360,#1361,#1362));
#1358=IFCOWNERHISTORY(#3,#4,.READWRITE.,.ADDED.,1778402983,#3,#4,1778402983);
#1359=IFCRELDEFINESBYPROPERTIES('0bgUplXLbDUAEEI0ls6uPG',#1358,$,$,(#1328),#1357);
#1360=IFCPROPERTYSINGLEVALUE('Reference',$,IFCIDENTIFIER('SS angle 50\X2\00D7\X0\50'),$);
#1361=IFCPROPERTYSINGLEVALUE('LoadBearing',$,IFCBOOLEAN(.F.),$);
#1362=IFCPROPERTYSINGLEVALUE('IsExternal',$,IFCBOOLEAN(.T.),$);
#1363=IFCOWNERHISTORY(#3,#4,.READWRITE.,.MODIFIED.,1778402983,#3,#4,1778402983);
#1364=IFCMEMBER('1Fynn2tU5BmvVlFYwmFWtB',#1363,'Curtain Wall \X2\2014\X0\ North Jamb 3',$,$,#1561,#1381,$,$);
#1370=IFCCARTESIANPOINT((0.,0.));
#1371=IFCDIRECTION((1.,0.));
#1372=IFCAXIS2PLACEMENT2D(#1370,#1371);
#1373=IFCRECTANGLEPROFILEDEF(.AREA.,$,#1372,0.050000000000000003,0.025000000000000001);
#1374=IFCCARTESIANPOINT((0.,0.,0.));
#1375=IFCDIRECTION((0.,0.,1.));
#1376=IFCDIRECTION((1.,0.,0.));
#1377=IFCAXIS2PLACEMENT3D(#1374,#1375,#1376);
#1378=IFCDIRECTION((0.,0.,1.));
#1379=IFCEXTRUDEDAREASOLID(#1373,#1377,#1378,2.7999999999999998);
#1380=IFCSHAPEREPRESENTATION(#17,'Body','SweptSolid',(#1379));
#1381=IFCPRODUCTDEFINITIONSHAPE($,$,(#1380));
#1387=IFCQUANTITYLENGTH('Length',$,$,2.7999999999999998,$);
#1388=IFCQUANTITYAREA('CrossSectionArea',$,$,0.0012500000000000002,$);
#1389=IFCQUANTITYVOLUME('GrossVolume',$,$,0.0035000000000000005,$);
#1390=IFCELEMENTQUANTITY('1aTtYo40vAvhVmTyOgTf_i',#5,'Qto_MemberBaseQuantities',$,$,(#1387,#1388,#1389));
#1391=IFCRELDEFINESBYPROPERTIES('0PQIMSXDbCAQTVYyfuy2Ca',#5,$,$,(#1364),#1390);
#1392=IFCOWNERHISTORY(#3,#4,.READWRITE.,.ADDED.,1778402983,#3,#4,1778402983);
#1393=IFCPROPERTYSET('1ciDHtIbL629p3Za2xAvJ$',#1392,'Pset_MemberCommon',$,(#1396,#1397,#1398));
#1394=IFCOWNERHISTORY(#3,#4,.READWRITE.,.ADDED.,1778402983,#3,#4,1778402983);
#1395=IFCRELDEFINESBYPROPERTIES('2wsAzugc5DFfROCSq$xz8j',#1394,$,$,(#1364),#1393);
#1396=IFCPROPERTYSINGLEVALUE('Reference',$,IFCIDENTIFIER('SS angle 50\X2\00D7\X0\50'),$);
#1397=IFCPROPERTYSINGLEVALUE('LoadBearing',$,IFCBOOLEAN(.F.),$);
#1398=IFCPROPERTYSINGLEVALUE('IsExternal',$,IFCBOOLEAN(.T.),$);
#1399=IFCOWNERHISTORY(#3,#4,.READWRITE.,.MODIFIED.,1778402983,#3,#4,1778402983);
#1400=IFCMEMBER('0gvj7a8cL8CPkQ7h8Z6rD3',#1399,'Curtain Wall \X2\2014\X0\ North Jamb 4',$,$,#1586,#1417,$,$);
#1406=IFCCARTESIANPOINT((0.,0.));
#1407=IFCDIRECTION((1.,0.));
#1408=IFCAXIS2PLACEMENT2D(#1406,#1407);
#1409=IFCRECTANGLEPROFILEDEF(.AREA.,$,#1408,0.050000000000000003,0.025000000000000001);
#1410=IFCCARTESIANPOINT((0.,0.,0.));
#1411=IFCDIRECTION((0.,0.,1.));
#1412=IFCDIRECTION((1.,0.,0.));
#1413=IFCAXIS2PLACEMENT3D(#1410,#1411,#1412);
#1414=IFCDIRECTION((0.,0.,1.));
#1415=IFCEXTRUDEDAREASOLID(#1409,#1413,#1414,2.7999999999999998);
#1416=IFCSHAPEREPRESENTATION(#17,'Body','SweptSolid',(#1415));
#1417=IFCPRODUCTDEFINITIONSHAPE($,$,(#1416));
#1423=IFCQUANTITYLENGTH('Length',$,$,2.7999999999999998,$);
#1424=IFCQUANTITYAREA('CrossSectionArea',$,$,0.0012500000000000002,$);
#1425=IFCQUANTITYVOLUME('GrossVolume',$,$,0.0035000000000000005,$);
#1426=IFCELEMENTQUANTITY('3d8S5$Uf55ggiuGy4C8J3D',#5,'Qto_MemberBaseQuantities',$,$,(#1423,#1424,#1425));
#1427=IFCRELDEFINESBYPROPERTIES('3Ie27bIivAyvv8lXaHK6RC',#5,$,$,(#1400),#1426);
#1428=IFCOWNERHISTORY(#3,#4,.READWRITE.,.ADDED.,1778402983,#3,#4,1778402983);
#1429=IFCPROPERTYSET('1l2dkA$81DIgwBgncMc3F0',#1428,'Pset_MemberCommon',$,(#1432,#1433,#1434));
#1430=IFCOWNERHISTORY(#3,#4,.READWRITE.,.ADDED.,1778402983,#3,#4,1778402983);
#1431=IFCRELDEFINESBYPROPERTIES('3HFPsGGdjC2hhU1gTIQ5HW',#1430,$,$,(#1400),#1429);
#1432=IFCPROPERTYSINGLEVALUE('Reference',$,IFCIDENTIFIER('SS angle 50\X2\00D7\X0\50'),$);
#1433=IFCPROPERTYSINGLEVALUE('LoadBearing',$,IFCBOOLEAN(.F.),$);
#1434=IFCPROPERTYSINGLEVALUE('IsExternal',$,IFCBOOLEAN(.T.),$);
#1435=IFCOWNERHISTORY(#3,#4,.READWRITE.,.MODIFIED.,1778402983,#3,#4,1778402983);
#1436=IFCPLATE('2MUGqdDwzCR8JkGkTjY_tA',#1435,'Curtain Wall \X2\2014\X0\ North Glass Panel 1',$,$,#1576,#1453,$,$);
#1442=IFCCARTESIANPOINT((0.,0.));
#1443=IFCDIRECTION((1.,0.));
#1444=IFCAXIS2PLACEMENT2D(#1442,#1443);
#1445=IFCRECTANGLEPROFILEDEF(.AREA.,$,#1444,6.4400999999999993,0.025000000000000001);
#1446=IFCCARTESIANPOINT((0.,0.,0.));
#1447=IFCDIRECTION((0.,0.,1.));
#1448=IFCDIRECTION((1.,0.,0.));
#1449=IFCAXIS2PLACEMENT3D(#1446,#1447,#1448);
#1450=IFCDIRECTION((0.,0.,1.));
#1451=IFCEXTRUDEDAREASOLID(#1445,#1449,#1450,2.7999999999999998);
#1452=IFCSHAPEREPRESENTATION(#17,'Body','SweptSolid',(#1451));
#1453=IFCPRODUCTDEFINITIONSHAPE($,$,(#1452));
#1459=IFCQUANTITYLENGTH('Width',$,$,6.4400999999999993,$);
#1460=IFCQUANTITYLENGTH('Height',$,$,2.7999999999999998,$);
#1461=IFCQUANTITYLENGTH('Thickness',$,$,0.025000000000000001,$);
#1462=IFCQUANTITYAREA('GrossArea',$,$,18.032279999999997,$);
#1463=IFCQUANTITYAREA('NetArea',$,$,18.032279999999997,$);
#1464=IFCQUANTITYVOLUME('GrossVolume',$,$,0.45080699999999996,$);
#1465=IFCELEMENTQUANTITY('1BqZ3XHbT34w20cKztcxSB',#5,'Qto_PlateBaseQuantities',$,$,(#1459,#1460,#1461,#1462,#1463,#1464));
#1466=IFCRELDEFINESBYPROPERTIES('3_jFU7mLD8RB9X2z1zOj5n',#5,$,$,(#1436),#1465);
#1467=IFCOWNERHISTORY(#3,#4,.READWRITE.,.ADDED.,1778402983,#3,#4,1778402983);
#1468=IFCPROPERTYSET('1S3cSmQT5AaBD97YER5dnk',#1467,'Pset_PlateCommon',$,(#1471,#1472,#1473,#1474));
#1469=IFCOWNERHISTORY(#3,#4,.READWRITE.,.ADDED.,1778402983,#3,#4,1778402983);
#1470=IFCRELDEFINESBYPROPERTIES('1qmF0dK3vDP8Mevjc8wVC5',#1469,$,$,(#1436),#1468);
#1471=IFCPROPERTYSINGLEVALUE('Reference',$,IFCIDENTIFIER('Single-pane plate glass 25mm'),$);
#1472=IFCPROPERTYSINGLEVALUE('LoadBearing',$,IFCBOOLEAN(.F.),$);
#1473=IFCPROPERTYSINGLEVALUE('IsExternal',$,IFCBOOLEAN(.T.),$);
#1474=IFCPROPERTYSINGLEVALUE('ThermalTransmittance',$,IFCTHERMALTRANSMITTANCEMEASURE(5.7999999999999998),$);
#1475=IFCOWNERHISTORY(#3,#4,.READWRITE.,.MODIFIED.,1778402983,#3,#4,1778402983);
#1476=IFCPLATE('1E1mWnWp5C4v9as16ndZbG',#1475,'Curtain Wall \X2\2014\X0\ North Glass Panel 2',$,$,#1596,#1493,$,$);
#1482=IFCCARTESIANPOINT((0.,0.));
#1483=IFCDIRECTION((1.,0.));
#1484=IFCAXIS2PLACEMENT2D(#1482,#1483);
#1485=IFCRECTANGLEPROFILEDEF(.AREA.,$,#1484,13.146100000000001,0.025000000000000001);
#1486=IFCCARTESIANPOINT((0.,0.,0.));
#1487=IFCDIRECTION((0.,0.,1.));
#1488=IFCDIRECTION((1.,0.,0.));
#1489=IFCAXIS2PLACEMENT3D(#1486,#1487,#1488);
#1490=IFCDIRECTION((0.,0.,1.));
#1491=IFCEXTRUDEDAREASOLID(#1485,#1489,#1490,2.7999999999999998);
#1492=IFCSHAPEREPRESENTATION(#17,'Body','SweptSolid',(#1491));
#1493=IFCPRODUCTDEFINITIONSHAPE($,$,(#1492));
#1499=IFCQUANTITYLENGTH('Width',$,$,13.146100000000001,$);
#1500=IFCQUANTITYLENGTH('Height',$,$,2.7999999999999998,$);
#1501=IFCQUANTITYLENGTH('Thickness',$,$,0.025000000000000001,$);
#1502=IFCQUANTITYAREA('GrossArea',$,$,36.809080000000002,$);
#1503=IFCQUANTITYAREA('NetArea',$,$,36.809080000000002,$);
#1504=IFCQUANTITYVOLUME('GrossVolume',$,$,0.92022700000000013,$);
#1505=IFCELEMENTQUANTITY('1E6tj9T6nDBO3Wupq6ahdU',#5,'Qto_PlateBaseQuantities',$,$,(#1499,#1500,#1501,#1502,#1503,#1504));
#1506=IFCRELDEFINESBYPROPERTIES('1ImO2PWj176uoj7SA4dt_O',#5,$,$,(#1476),#1505);
#1507=IFCOWNERHISTORY(#3,#4,.READWRITE.,.ADDED.,1778402983,#3,#4,1778402983);
#1508=IFCPROPERTYSET('3jOX3CaXn2nRsSpCVqXBfB',#1507,'Pset_PlateCommon',$,(#1511,#1512,#1513,#1514));
#1509=IFCOWNERHISTORY(#3,#4,.READWRITE.,.ADDED.,1778402983,#3,#4,1778402983);
#1510=IFCRELDEFINESBYPROPERTIES('1miC5jaon4Ah740pUDXHgC',#1509,$,$,(#1476),#1508);
#1511=IFCPROPERTYSINGLEVALUE('Reference',$,IFCIDENTIFIER('Single-pane plate glass 25mm'),$);
#1512=IFCPROPERTYSINGLEVALUE('LoadBearing',$,IFCBOOLEAN(.F.),$);
#1513=IFCPROPERTYSINGLEVALUE('IsExternal',$,IFCBOOLEAN(.T.),$);
#1514=IFCPROPERTYSINGLEVALUE('ThermalTransmittance',$,IFCTHERMALTRANSMITTANCEMEASURE(5.7999999999999998),$);
#1515=IFCOWNERHISTORY(#3,#4,.READWRITE.,.MODIFIED.,1778402983,#3,#4,1778402983);
#1516=IFCPLATE('0VesVmRTvEUO20ZrV$V2NE',#1515,'Curtain Wall \X2\2014\X0\ North Glass Panel 3',$,$,#1571,#1533,$,$);
#1522=IFCCARTESIANPOINT((0.,0.));
#1523=IFCDIRECTION((1.,0.));
#1524=IFCAXIS2PLACEMENT2D(#1522,#1523);
#1525=IFCRECTANGLEPROFILEDEF(.AREA.,$,#1524,0.1659000000000006,0.025000000000000001);
#1526=IFCCARTESIANPOINT((0.,0.,0.));
#1527=IFCDIRECTION((0.,0.,1.));
#1528=IFCDIRECTION((1.,0.,0.));
#1529=IFCAXIS2PLACEMENT3D(#1526,#1527,#1528);
#1530=IFCDIRECTION((0.,0.,1.));
#1531=IFCEXTRUDEDAREASOLID(#1525,#1529,#1530,2.7999999999999998);
#1532=IFCSHAPEREPRESENTATION(#17,'Body','SweptSolid',(#1531));
#1533=IFCPRODUCTDEFINITIONSHAPE($,$,(#1532));
#1539=IFCQUANTITYLENGTH('Width',$,$,0.1659000000000006,$);
#1540=IFCQUANTITYLENGTH('Height',$,$,2.7999999999999998,$);
#1541=IFCQUANTITYLENGTH('Thickness',$,$,0.025000000000000001,$);
#1542=IFCQUANTITYAREA('GrossArea',$,$,0.46452000000000165,$);
#1543=IFCQUANTITYAREA('NetArea',$,$,0.46452000000000165,$);
#1544=IFCQUANTITYVOLUME('GrossVolume',$,$,0.011613000000000042,$);
#1545=IFCELEMENTQUANTITY('1POOM8unX8FuMZXuZtLIgJ',#5,'Qto_PlateBaseQuantities',$,$,(#1539,#1540,#1541,#1542,#1543,#1544));
#1546=IFCRELDEFINESBYPROPERTIES('19gdOfExH9wfkWyqDz5m7S',#5,$,$,(#1516),#1545);
#1547=IFCOWNERHISTORY(#3,#4,.READWRITE.,.ADDED.,1778402983,#3,#4,1778402983);
#1548=IFCPROPERTYSET('13$zM_1HP32h8QYiCbFIPp',#1547,'Pset_PlateCommon',$,(#1551,#1552,#1553,#1554));
#1549=IFCOWNERHISTORY(#3,#4,.READWRITE.,.ADDED.,1778402983,#3,#4,1778402983);
#1550=IFCRELDEFINESBYPROPERTIES('0hZb7Hey93OfY2KyzGelXy',#1549,$,$,(#1516),#1548);
#1551=IFCPROPERTYSINGLEVALUE('Reference',$,IFCIDENTIFIER('Single-pane plate glass 25mm'),$);
#1552=IFCPROPERTYSINGLEVALUE('LoadBearing',$,IFCBOOLEAN(.F.),$);
#1553=IFCPROPERTYSINGLEVALUE('IsExternal',$,IFCBOOLEAN(.T.),$);
#1554=IFCPROPERTYSINGLEVALUE('ThermalTransmittance',$,IFCTHERMALTRANSMITTANCEMEASURE(5.7999999999999998),$);
#1555=IFCOWNERHISTORY(#3,#4,.READWRITE.,.ADDED.,1778402983,#3,#4,1778402983);
#1556=IFCRELAGGREGATES('2Uwif3NGn7J9IGleaaTnlb',#1555,$,$,#1208,(#1364,#1220,#1516,#1436,#1256,#1400,#1292,#1476,#1328));
#1557=IFCCARTESIANPOINT((19.686199999999999,0.,0.050000000000000044));
#1558=IFCDIRECTION((0.,0.,1.));
#1559=IFCDIRECTION((1.,0.,0.));
#1560=IFCAXIS2PLACEMENT3D(#1557,#1558,#1559);
#1561=IFCLOCALPLACEMENT(#1218,#1560);
#1562=IFCCARTESIANPOINT((0.,0.,0.));
#1563=IFCDIRECTION((0.,0.,1.));
#1564=IFCDIRECTION((1.,0.,0.));
#1565=IFCAXIS2PLACEMENT3D(#1562,#1563,#1564);
#1566=IFCLOCALPLACEMENT(#1218,#1565);
#1567=IFCCARTESIANPOINT((19.7362,0.,0.050000000000000044));
#1568=IFCDIRECTION((0.,0.,1.));
#1569=IFCDIRECTION((1.,0.,0.));
#1570=IFCAXIS2PLACEMENT3D(#1567,#1568,#1569);
#1571=IFCLOCALPLACEMENT(#1218,#1570);
#1572=IFCCARTESIANPOINT((0.050000000000000044,0.,0.050000000000000044));
#1573=IFCDIRECTION((0.,0.,1.));
#1574=IFCDIRECTION((1.,0.,0.));
#1575=IFCAXIS2PLACEMENT3D(#1572,#1573,#1574);
#1576=IFCLOCALPLACEMENT(#1218,#1575);
#1577=IFCCARTESIANPOINT((0.,0.,2.8500000000000001));
#1578=IFCDIRECTION((0.,0.,1.));
#1579=IFCDIRECTION((1.,0.,0.));
#1580=IFCAXIS2PLACEMENT3D(#1577,#1578,#1579);
#1581=IFCLOCALPLACEMENT(#1218,#1580);
#1582=IFCCARTESIANPOINT((19.902100000000001,0.,0.050000000000000044));
#1583=IFCDIRECTION((0.,0.,1.));
#1584=IFCDIRECTION((1.,0.,0.));
#1585=IFCAXIS2PLACEMENT3D(#1582,#1583,#1584);
#1586=IFCLOCALPLACEMENT(#1218,#1585);
#1587=IFCCARTESIANPOINT((0.,0.,0.050000000000000044));
#1588=IFCDIRECTION((0.,0.,1.));
#1589=IFCDIRECTION((1.,0.,0.));
#1590=IFCAXIS2PLACEMENT3D(#1587,#1588,#1589);
#1591=IFCLOCALPLACEMENT(#1218,#1590);
#1592=IFCCARTESIANPOINT((6.5400999999999998,0.,0.050000000000000044));
#1593=IFCDIRECTION((0.,0.,1.));
#1594=IFCDIRECTION((1.,0.,0.));
#1595=IFCAXIS2PLACEMENT3D(#1592,#1593,#1594);
#1596=IFCLOCALPLACEMENT(#1218,#1595);
#1597=IFCCARTESIANPOINT((6.4900999999999991,0.,0.050000000000000044));
#1598=IFCDIRECTION((0.,0.,1.));
#1599=IFCDIRECTION((1.,0.,0.));
#1600=IFCAXIS2PLACEMENT3D(#1597,#1598,#1599);
#1601=IFCLOCALPLACEMENT(#1218,#1600);
#1602=IFCOWNERHISTORY(#3,#4,.READWRITE.,.ADDED.,1778402983,#3,#4,1778402983);
#1603=IFCPROPERTYSET('2eu8ji5HrCU9BJRzmW5xQ3',#1602,'Pset_CurtainWallCommon',$,(#1606,#1607,#1608,#1609));
#1604=IFCOWNERHISTORY(#3,#4,.READWRITE.,.ADDED.,1778402983,#3,#4,1778402983);
#1605=IFCRELDEFINESBYPROPERTIES('0mJvzuLKb3SeCzpFz1bvCk',#1604,$,$,(#1208),#1603);
#1606=IFCPROPERTYSINGLEVALUE('Reference',$,IFCIDENTIFIER('GLASS-CW-2900'),$);
#1607=IFCPROPERTYSINGLEVALUE('IsExternal',$,IFCBOOLEAN(.T.),$);
#1608=IFCPROPERTYSINGLEVALUE('LoadBearing',$,IFCBOOLEAN(.F.),$);
#1609=IFCPROPERTYSINGLEVALUE('ThermalTransmittance',$,IFCTHERMALTRANSMITTANCEMEASURE(5.7999999999999998),$);
#1610=IFCQUANTITYLENGTH('Length',$,$,19.902100000000001,$);
#1611=IFCQUANTITYLENGTH('Height',$,$,2.8999999999999999,$);
#1612=IFCQUANTITYAREA('GrossSideArea',$,$,57.716090000000001,$);
#1613=IFCQUANTITYAREA('NetSideArea',$,$,57.716090000000001,$);
#1614=IFCELEMENTQUANTITY('26BzPMKR1119PlFMhzbelE',#5,'Qto_WallBaseQuantities',$,$,(#1610,#1611,#1612,#1613));
#1615=IFCRELDEFINESBYPROPERTIES('2UtoWYFpLA3PMkpUt14xpT',#5,$,$,(#1208),#1614);
#1616=IFCOWNERHISTORY(#3,#4,.READWRITE.,.MODIFIED.,1778402983,#3,#4,1778402983);
#1617=IFCCURTAINWALL('3tH_08jDH1BQjs_ogkbTiC',#1616,'Curtain Wall \X2\2014\X0\ West',$,$,#1627,$,$,.NOTDEFINED.);
#1623=IFCCARTESIANPOINT((1.7839499999999999,0.,0.));
#1624=IFCDIRECTION((0.,0.,1.));
#1625=IFCDIRECTION((6.123233995736766E-17,1.,0.));
#1626=IFCAXIS2PLACEMENT3D(#1623,#1624,#1625);
#1627=IFCLOCALPLACEMENT(#126,#1626);
#1628=IFCOWNERHISTORY(#3,#4,.READWRITE.,.MODIFIED.,1778402983,#3,#4,1778402983);
#1629=IFCMEMBER('2jjvAVat596BYM8$bJYkBN',#1628,'Curtain Wall \X2\2014\X0\ West Sill',$,$,#1838,#1646,$,$);
#1635=IFCCARTESIANPOINT((0.,0.));
#1636=IFCDIRECTION((1.,0.));
#1637=IFCAXIS2PLACEMENT2D(#1635,#1636);
#1638=IFCRECTANGLEPROFILEDEF(.AREA.,$,#1637,8.7400000000000002,0.025000000000000001);
#1639=IFCCARTESIANPOINT((0.,0.,0.));
#1640=IFCDIRECTION((0.,0.,1.));
#1641=IFCDIRECTION((1.,0.,0.));
#1642=IFCAXIS2PLACEMENT3D(#1639,#1640,#1641);
#1643=IFCDIRECTION((0.,0.,1.));
#1644=IFCEXTRUDEDAREASOLID(#1638,#1642,#1643,0.050000000000000003);
#1645=IFCSHAPEREPRESENTATION(#17,'Body','SweptSolid',(#1644));
#1646=IFCPRODUCTDEFINITIONSHAPE($,$,(#1645));
#1652=IFCQUANTITYLENGTH('Length',$,$,8.7400000000000002,$);
#1653=IFCQUANTITYAREA('CrossSectionArea',$,$,0.0012500000000000002,$);
#1654=IFCQUANTITYVOLUME('GrossVolume',$,$,0.010925000000000002,$);
#1655=IFCELEMENTQUANTITY('2tWMQbh9nCe9sndwSVEdF0',#5,'Qto_MemberBaseQuantities',$,$,(#1652,#1653,#1654));
#1656=IFCRELDEFINESBYPROPERTIES('1Qw4pDPfb9NQ6IXxi8z$Z2',#5,$,$,(#1629),#1655);
#1657=IFCOWNERHISTORY(#3,#4,.READWRITE.,.ADDED.,1778402983,#3,#4,1778402983);
#1658=IFCPROPERTYSET('3yVnC5Fw54xezRuDw5UfX_',#1657,'Pset_MemberCommon',$,(#1661,#1662,#1663));
#1659=IFCOWNERHISTORY(#3,#4,.READWRITE.,.ADDED.,1778402983,#3,#4,1778402983);
#1660=IFCRELDEFINESBYPROPERTIES('0LcOtP0UD6SP6xPNYYxGLR',#1659,$,$,(#1629),#1658);
#1661=IFCPROPERTYSINGLEVALUE('Reference',$,IFCIDENTIFIER('SS angle 50\X2\00D7\X0\50'),$);
#1662=IFCPROPERTYSINGLEVALUE('LoadBearing',$,IFCBOOLEAN(.F.),$);
#1663=IFCPROPERTYSINGLEVALUE('IsExternal',$,IFCBOOLEAN(.T.),$);
#1664=IFCOWNERHISTORY(#3,#4,.READWRITE.,.MODIFIED.,1778402983,#3,#4,1778402983);
#1665=IFCMEMBER('30Ajbk2T1Ahv_i9eAjy6UT',#1664,'Curtain Wall \X2\2014\X0\ West Head',$,$,#1823,#1682,$,$);
#1671=IFCCARTESIANPOINT((0.,0.));
#1672=IFCDIRECTION((1.,0.));
#1673=IFCAXIS2PLACEMENT2D(#1671,#1672);
#1674=IFCRECTANGLEPROFILEDEF(.AREA.,$,#1673,8.7400000000000002,0.025000000000000001);
#1675=IFCCARTESIANPOINT((0.,0.,0.));
#1676=IFCDIRECTION((0.,0.,1.));
#1677=IFCDIRECTION((1.,0.,0.));
#1678=IFCAXIS2PLACEMENT3D(#1675,#1676,#1677);
#1679=IFCDIRECTION((0.,0.,1.));
#1680=IFCEXTRUDEDAREASOLID(#1674,#1678,#1679,0.050000000000000003);
#1681=IFCSHAPEREPRESENTATION(#17,'Body','SweptSolid',(#1680));
#1682=IFCPRODUCTDEFINITIONSHAPE($,$,(#1681));
#1688=IFCQUANTITYLENGTH('Length',$,$,8.7400000000000002,$);
#1689=IFCQUANTITYAREA('CrossSectionArea',$,$,0.0012500000000000002,$);
#1690=IFCQUANTITYVOLUME('GrossVolume',$,$,0.010925000000000002,$);
#1691=IFCELEMENTQUANTITY('2RT_RBNK94fenazoyI6swH',#5,'Qto_MemberBaseQuantities',$,$,(#1688,#1689,#1690));
#1692=IFCRELDEFINESBYPROPERTIES('2TaJJJ8lfEUxb9jfZYyP2j',#5,$,$,(#1665),#1691);
#1693=IFCOWNERHISTORY(#3,#4,.READWRITE.,.ADDED.,1778402983,#3,#4,1778402983);
#1694=IFCPROPERTYSET('2F74mqe1nFYvxyrku76Lit',#1693,'Pset_MemberCommon',$,(#1697,#1698,#1699));
#1695=IFCOWNERHISTORY(#3,#4,.READWRITE.,.ADDED.,1778402983,#3,#4,1778402983);
#1696=IFCRELDEFINESBYPROPERTIES('2JrAsS0EjF09Ncax0Dsnkx',#1695,$,$,(#1665),#1694);
#1697=IFCPROPERTYSINGLEVALUE('Reference',$,IFCIDENTIFIER('SS angle 50\X2\00D7\X0\50'),$);
#1698=IFCPROPERTYSINGLEVALUE('LoadBearing',$,IFCBOOLEAN(.F.),$);
#1699=IFCPROPERTYSINGLEVALUE('IsExternal',$,IFCBOOLEAN(.T.),$);
#1700=IFCOWNERHISTORY(#3,#4,.READWRITE.,.MODIFIED.,1778402983,#3,#4,1778402983);
#1701=IFCMEMBER('156oG0u$zEngEOWlZv6Goz',#1700,'Curtain Wall \X2\2014\X0\ West Jamb L',$,$,#1833,#1718,$,$);
#1707=IFCCARTESIANPOINT((0.,0.));
#1708=IFCDIRECTION((1.,0.));
#1709=IFCAXIS2PLACEMENT2D(#1707,#1708);
#1710=IFCRECTANGLEPROFILEDEF(.AREA.,$,#1709,0.050000000000000003,0.025000000000000001);
#1711=IFCCARTESIANPOINT((0.,0.,0.));
#1712=IFCDIRECTION((0.,0.,1.));
#1713=IFCDIRECTION((1.,0.,0.));
#1714=IFCAXIS2PLACEMENT3D(#1711,#1712,#1713);
#1715=IFCDIRECTION((0.,0.,1.));
#1716=IFCEXTRUDEDAREASOLID(#1710,#1714,#1715,2.7999999999999998);
#1717=IFCSHAPEREPRESENTATION(#17,'Body','SweptSolid',(#1716));
#1718=IFCPRODUCTDEFINITIONSHAPE($,$,(#1717));
#1724=IFCQUANTITYLENGTH('Length',$,$,2.7999999999999998,$);
#1725=IFCQUANTITYAREA('CrossSectionArea',$,$,0.0012500000000000002,$);
#1726=IFCQUANTITYVOLUME('GrossVolume',$,$,0.0035000000000000005,$);
#1727=IFCELEMENTQUANTITY('2m5_MEso1FduLwh_9sByCl',#5,'Qto_MemberBaseQuantities',$,$,(#1724,#1725,#1726));
#1728=IFCRELDEFINESBYPROPERTIES('3naDCA2PPCFwh3ls6VrKbz',#5,$,$,(#1701),#1727);
#1729=IFCOWNERHISTORY(#3,#4,.READWRITE.,.ADDED.,1778402983,#3,#4,1778402983);
#1730=IFCPROPERTYSET('0CbUuAbHr3ZvQR_k8z9q5i',#1729,'Pset_MemberCommon',$,(#1733,#1734,#1735));
#1731=IFCOWNERHISTORY(#3,#4,.READWRITE.,.ADDED.,1778402983,#3,#4,1778402983);
#1732=IFCRELDEFINESBYPROPERTIES('1g$1jUzx162fSLJAxjGXiU',#1731,$,$,(#1701),#1730);
#1733=IFCPROPERTYSINGLEVALUE('Reference',$,IFCIDENTIFIER('SS angle 50\X2\00D7\X0\50'),$);
#1734=IFCPROPERTYSINGLEVALUE('LoadBearing',$,IFCBOOLEAN(.F.),$);
#1735=IFCPROPERTYSINGLEVALUE('IsExternal',$,IFCBOOLEAN(.T.),$);
#1736=IFCOWNERHISTORY(#3,#4,.READWRITE.,.MODIFIED.,1778402983,#3,#4,1778402983);
#1737=IFCMEMBER('1Ge2Dyqwb1MewD$nC7tHQh',#1736,'Curtain Wall \X2\2014\X0\ West Jamb R',$,$,#1828,#1754,$,$);
#1743=IFCCARTESIANPOINT((0.,0.));
#1744=IFCDIRECTION((1.,0.));
#1745=IFCAXIS2PLACEMENT2D(#1743,#1744);
#1746=IFCRECTANGLEPROFILEDEF(.AREA.,$,#1745,0.050000000000000003,0.025000000000000001);
#1747=IFCCARTESIANPOINT((0.,0.,0.));
#1748=IFCDIRECTION((0.,0.,1.));
#1749=IFCDIRECTION((1.,0.,0.));
#1750=IFCAXIS2PLACEMENT3D(#1747,#1748,#1749);
#1751=IFCDIRECTION((0.,0.,1.));
#1752=IFCEXTRUDEDAREASOLID(#1746,#1750,#1751,2.7999999999999998);
#1753=IFCSHAPEREPRESENTATION(#17,'Body','SweptSolid',(#1752));
#1754=IFCPRODUCTDEFINITIONSHAPE($,$,(#1753));
#1760=IFCQUANTITYLENGTH('Length',$,$,2.7999999999999998,$);
#1761=IFCQUANTITYAREA('CrossSectionArea',$,$,0.0012500000000000002,$);
#1762=IFCQUANTITYVOLUME('GrossVolume',$,$,0.0035000000000000005,$);
#1763=IFCELEMENTQUANTITY('2smJ122$P3pOYt1ykRiSRR',#5,'Qto_MemberBaseQuantities',$,$,(#1760,#1761,#1762));
#1764=IFCRELDEFINESBYPROPERTIES('1ODL3y6JDBofK7mfF2zgMw',#5,$,$,(#1737),#1763);
#1765=IFCOWNERHISTORY(#3,#4,.READWRITE.,.ADDED.,1778402983,#3,#4,1778402983);
#1766=IFCPROPERTYSET('3ACM3eVK93rgUqkTnbpYzr',#1765,'Pset_MemberCommon',$,(#1769,#1770,#1771));
#1767=IFCOWNERHISTORY(#3,#4,.READWRITE.,.ADDED.,1778402983,#3,#4,1778402983);
#1768=IFCRELDEFINESBYPROPERTIES('0wNBhg8AD4sgGhEFRScIgE',#1767,$,$,(#1737),#1766);
#1769=IFCPROPERTYSINGLEVALUE('Reference',$,IFCIDENTIFIER('SS angle 50\X2\00D7\X0\50'),$);
#1770=IFCPROPERTYSINGLEVALUE('LoadBearing',$,IFCBOOLEAN(.F.),$);
#1771=IFCPROPERTYSINGLEVALUE('IsExternal',$,IFCBOOLEAN(.T.),$);
#1772=IFCOWNERHISTORY(#3,#4,.READWRITE.,.MODIFIED.,1778402983,#3,#4,1778402983);
#1773=IFCPLATE('2T_gPfJNrCbgmUWKSsWmz4',#1772,'Curtain Wall \X2\2014\X0\ West Glass Panel',$,$,#1818,#1790,$,$);
#1779=IFCCARTESIANPOINT((0.,0.));
#1780=IFCDIRECTION((1.,0.));
#1781=IFCAXIS2PLACEMENT2D(#1779,#1780);
#1782=IFCRECTANGLEPROFILEDEF(.AREA.,$,#1781,8.6400000000000006,0.025000000000000001);
#1783=IFCCARTESIANPOINT((0.,0.,0.));
#1784=IFCDIRECTION((0.,0.,1.));
#1785=IFCDIRECTION((1.,0.,0.));
#1786=IFCAXIS2PLACEMENT3D(#1783,#1784,#1785);
#1787=IFCDIRECTION((0.,0.,1.));
#1788=IFCEXTRUDEDAREASOLID(#1782,#1786,#1787,2.7999999999999998);
#1789=IFCSHAPEREPRESENTATION(#17,'Body','SweptSolid',(#1788));
#1790=IFCPRODUCTDEFINITIONSHAPE($,$,(#1789));
#1796=IFCQUANTITYLENGTH('Width',$,$,8.6400000000000006,$);
#1797=IFCQUANTITYLENGTH('Height',$,$,2.7999999999999998,$);
#1798=IFCQUANTITYLENGTH('Thickness',$,$,0.025000000000000001,$);
#1799=IFCQUANTITYAREA('GrossArea',$,$,24.192,$);
#1800=IFCQUANTITYAREA('NetArea',$,$,24.192,$);
#1801=IFCQUANTITYVOLUME('GrossVolume',$,$,0.6048,$);
#1802=IFCELEMENTQUANTITY('36cOtklRL3Qxl0OXzy5xT_',#5,'Qto_PlateBaseQuantities',$,$,(#1796,#1797,#1798,#1799,#1800,#1801));
#1803=IFCRELDEFINESBYPROPERTIES('3bjxqZpUfEDOVoHtIsmsGC',#5,$,$,(#1773),#1802);
#1804=IFCOWNERHISTORY(#3,#4,.READWRITE.,.ADDED.,1778402983,#3,#4,1778402983);
#1805=IFCPROPERTYSET('1ARNphmLz3Junu6Gajxvk3',#1804,'Pset_PlateCommon',$,(#1808,#1809,#1810,#1811));
#1806=IFCOWNERHISTORY(#3,#4,.READWRITE.,.ADDED.,1778402983,#3,#4,1778402983);
#1807=IFCRELDEFINESBYPROPERTIES('2aQRC1Bpv8F8MtMiWWMAKr',#1806,$,$,(#1773),#1805);
#1808=IFCPROPERTYSINGLEVALUE('Reference',$,IFCIDENTIFIER('Single-pane plate glass 25mm'),$);
#1809=IFCPROPERTYSINGLEVALUE('LoadBearing',$,IFCBOOLEAN(.F.),$);
#1810=IFCPROPERTYSINGLEVALUE('IsExternal',$,IFCBOOLEAN(.T.),$);
#1811=IFCPROPERTYSINGLEVALUE('ThermalTransmittance',$,IFCTHERMALTRANSMITTANCEMEASURE(5.7999999999999998),$);
#1812=IFCOWNERHISTORY(#3,#4,.READWRITE.,.ADDED.,1778402983,#3,#4,1778402983);
#1813=IFCRELAGGREGATES('1nc5xQjer3awHyfrDD2Uu_',#1812,$,$,#1617,(#1773,#1665,#1737,#1701,#1629));
#1814=IFCCARTESIANPOINT((0.050000000000000003,0.,0.050000000000000044));
#1815=IFCDIRECTION((0.,0.,1.));
#1816=IFCDIRECTION((1.,0.,0.));
#1817=IFCAXIS2PLACEMENT3D(#1814,#1815,#1816);
#1818=IFCLOCALPLACEMENT(#1627,#1817);
#1819=IFCCARTESIANPOINT((0.,0.,2.8500000000000001));
#1820=IFCDIRECTION((0.,0.,1.));
#1821=IFCDIRECTION((1.,0.,0.));
#1822=IFCAXIS2PLACEMENT3D(#1819,#1820,#1821);
#1823=IFCLOCALPLACEMENT(#1627,#1822);
#1824=IFCCARTESIANPOINT((8.6899999999999995,0.,0.050000000000000044));
#1825=IFCDIRECTION((0.,0.,1.));
#1826=IFCDIRECTION((1.,0.,0.));
#1827=IFCAXIS2PLACEMENT3D(#1824,#1825,#1826);
#1828=IFCLOCALPLACEMENT(#1627,#1827);
#1829=IFCCARTESIANPOINT((0.,0.,0.050000000000000044));
#1830=IFCDIRECTION((0.,0.,1.));
#1831=IFCDIRECTION((1.,0.,0.));
#1832=IFCAXIS2PLACEMENT3D(#1829,#1830,#1831);
#1833=IFCLOCALPLACEMENT(#1627,#1832);
#1834=IFCCARTESIANPOINT((0.,0.,0.));
#1835=IFCDIRECTION((0.,0.,1.));
#1836=IFCDIRECTION((1.,0.,0.));
#1837=IFCAXIS2PLACEMENT3D(#1834,#1835,#1836);
#1838=IFCLOCALPLACEMENT(#1627,#1837);
#1839=IFCOWNERHISTORY(#3,#4,.READWRITE.,.ADDED.,1778402983,#3,#4,1778402983);
#1840=IFCPROPERTYSET('3DUZBAobj40uGNg3W5ti4m',#1839,'Pset_CurtainWallCommon',$,(#1843,#1844,#1845));
#1841=IFCOWNERHISTORY(#3,#4,.READWRITE.,.ADDED.,1778402983,#3,#4,1778402983);
#1842=IFCRELDEFINESBYPROPERTIES('28H6cLb_93LhFhf3RyKuZu',#1841,$,$,(#1617),#1840);
#1843=IFCPROPERTYSINGLEVALUE('Reference',$,IFCIDENTIFIER('GLASS-CW-2900'),$);
#1844=IFCPROPERTYSINGLEVALUE('IsExternal',$,IFCBOOLEAN(.T.),$);
#1845=IFCPROPERTYSINGLEVALUE('LoadBearing',$,IFCBOOLEAN(.F.),$);
#1846=IFCQUANTITYLENGTH('Length',$,$,8.7400000000000002,$);
#1847=IFCQUANTITYLENGTH('Height',$,$,2.8999999999999999,$);
#1848=IFCQUANTITYAREA('GrossSideArea',$,$,25.346,$);
#1849=IFCQUANTITYAREA('NetSideArea',$,$,25.346,$);
#1850=IFCELEMENTQUANTITY('3btR8xAK57fegYB8LEjaLc',#5,'Qto_WallBaseQuantities',$,$,(#1846,#1847,#1848,#1849));
#1851=IFCRELDEFINESBYPROPERTIES('2PJ1SvLsP4Z9amIhBv_Ayc',#5,$,$,(#1617),#1850);
#1852=IFCOWNERHISTORY(#3,#4,.READWRITE.,.MODIFIED.,1778402983,#3,#4,1778402983);
#1853=IFCCURTAINWALL('3O7bdy_pD9fQyYWoOedn4q',#1852,'Curtain Wall \X2\2014\X0\ East',$,$,#1863,$,$,.NOTDEFINED.);
#1859=IFCCARTESIANPOINT((21.661050000000003,0.,0.));
#1860=IFCDIRECTION((0.,0.,1.));
#1861=IFCDIRECTION((6.123233995736766E-17,1.,0.));
#1862=IFCAXIS2PLACEMENT3D(#1859,#1860,#1861);
#1863=IFCLOCALPLACEMENT(#126,#1862);
#1864=IFCOWNERHISTORY(#3,#4,.READWRITE.,.MODIFIED.,1778402983,#3,#4,1778402983);
#1865=IFCMEMBER('1u74E$KrLEWg4JHa083UAk',#1864,'Curtain Wall \X2\2014\X0\ East Sill',$,$,#2069,#1882,$,$);
#1871=IFCCARTESIANPOINT((0.,0.));
#1872=IFCDIRECTION((1.,0.));
#1873=IFCAXIS2PLACEMENT2D(#1871,#1872);
#1874=IFCRECTANGLEPROFILEDEF(.AREA.,$,#1873,8.7400000000000002,0.025000000000000001);
#1875=IFCCARTESIANPOINT((0.,0.,0.));
#1876=IFCDIRECTION((0.,0.,1.));
#1877=IFCDIRECTION((1.,0.,0.));
#1878=IFCAXIS2PLACEMENT3D(#1875,#1876,#1877);
#1879=IFCDIRECTION((0.,0.,1.));
#1880=IFCEXTRUDEDAREASOLID(#1874,#1878,#1879,0.050000000000000003);
#1881=IFCSHAPEREPRESENTATION(#17,'Body','SweptSolid',(#1880));
#1882=IFCPRODUCTDEFINITIONSHAPE($,$,(#1881));
#1888=IFCQUANTITYLENGTH('Length',$,$,8.7400000000000002,$);
#1889=IFCQUANTITYAREA('CrossSectionArea',$,$,0.0012500000000000002,$);
#1890=IFCQUANTITYVOLUME('GrossVolume',$,$,0.010925000000000002,$);
#1891=IFCELEMENTQUANTITY('3siNqES1PCBOB0qM$Y3YmU',#5,'Qto_MemberBaseQuantities',$,$,(#1888,#1889,#1890));
#1892=IFCRELDEFINESBYPROPERTIES('17DkJNfcjCdxvPOLyZfoZ6',#5,$,$,(#1865),#1891);
#1893=IFCOWNERHISTORY(#3,#4,.READWRITE.,.ADDED.,1778402983,#3,#4,1778402983);
#1894=IFCPROPERTYSET('2QsYw_y0PCtfpj2sGyUEPl',#1893,'Pset_MemberCommon',$,(#1897,#1898,#1899));
#1895=IFCOWNERHISTORY(#3,#4,.READWRITE.,.ADDED.,1778402983,#3,#4,1778402983);
#1896=IFCRELDEFINESBYPROPERTIES('39XT_lHXz4DQAoov6O69CT',#1895,$,$,(#1865),#1894);
#1897=IFCPROPERTYSINGLEVALUE('Reference',$,IFCIDENTIFIER('SS angle 50\X2\00D7\X0\50'),$);
#1898=IFCPROPERTYSINGLEVALUE('LoadBearing',$,IFCBOOLEAN(.F.),$);
#1899=IFCPROPERTYSINGLEVALUE('IsExternal',$,IFCBOOLEAN(.T.),$);
#1900=IFCOWNERHISTORY(#3,#4,.READWRITE.,.MODIFIED.,1778402983,#3,#4,1778402983);
#1901=IFCMEMBER('3T6JePN8z8KfODI8$0ZCDb',#1900,'Curtain Wall \X2\2014\X0\ East Head',$,$,#2059,#1918,$,$);
#1907=IFCCARTESIANPOINT((0.,0.));
#1908=IFCDIRECTION((1.,0.));
#1909=IFCAXIS2PLACEMENT2D(#1907,#1908);
#1910=IFCRECTANGLEPROFILEDEF(.AREA.,$,#1909,8.7400000000000002,0.025000000000000001);
#1911=IFCCARTESIANPOINT((0.,0.,0.));
#1912=IFCDIRECTION((0.,0.,1.));
#1913=IFCDIRECTION((1.,0.,0.));
#1914=IFCAXIS2PLACEMENT3D(#1911,#1912,#1913);
#1915=IFCDIRECTION((0.,0.,1.));
#1916=IFCEXTRUDEDAREASOLID(#1910,#1914,#1915,0.050000000000000003);
#1917=IFCSHAPEREPRESENTATION(#17,'Body','SweptSolid',(#1916));
#1918=IFCPRODUCTDEFINITIONSHAPE($,$,(#1917));
#1924=IFCQUANTITYLENGTH('Length',$,$,8.7400000000000002,$);
#1925=IFCQUANTITYAREA('CrossSectionArea',$,$,0.0012500000000000002,$);
#1926=IFCQUANTITYVOLUME('GrossVolume',$,$,0.010925000000000002,$);
#1927=IFCELEMENTQUANTITY('191Iiwywb6xPCvn4JEGrXC',#5,'Qto_MemberBaseQuantities',$,$,(#1924,#1925,#1926));
#1928=IFCRELDEFINESBYPROPERTIES('2UF6R7vyv3XuIy09yiAiU2',#5,$,$,(#1901),#1927);
#1929=IFCOWNERHISTORY(#3,#4,.READWRITE.,.ADDED.,1778402983,#3,#4,1778402983);
#1930=IFCPROPERTYSET('3uNInIMzT0DQ2IEhhf4NBT',#1929,'Pset_MemberCommon',$,(#1933,#1934,#1935));
#1931=IFCOWNERHISTORY(#3,#4,.READWRITE.,.ADDED.,1778402983,#3,#4,1778402983);
#1932=IFCRELDEFINESBYPROPERTIES('25DBkdB55F$uFFB0qJpK69',#1931,$,$,(#1901),#1930);
#1933=IFCPROPERTYSINGLEVALUE('Reference',$,IFCIDENTIFIER('SS angle 50\X2\00D7\X0\50'),$);
#1934=IFCPROPERTYSINGLEVALUE('LoadBearing',$,IFCBOOLEAN(.F.),$);
#1935=IFCPROPERTYSINGLEVALUE('IsExternal',$,IFCBOOLEAN(.T.),$);
#1936=IFCOWNERHISTORY(#3,#4,.READWRITE.,.MODIFIED.,1778402983,#3,#4,1778402983);
#1937=IFCMEMBER('0ysIDsw6rECujy3_44TV87',#1936,'Curtain Wall \X2\2014\X0\ East Jamb L',$,$,#2074,#1954,$,$);
#1943=IFCCARTESIANPOINT((0.,0.));
#1944=IFCDIRECTION((1.,0.));
#1945=IFCAXIS2PLACEMENT2D(#1943,#1944);
#1946=IFCRECTANGLEPROFILEDEF(.AREA.,$,#1945,0.050000000000000003,0.025000000000000001);
#1947=IFCCARTESIANPOINT((0.,0.,0.));
#1948=IFCDIRECTION((0.,0.,1.));
#1949=IFCDIRECTION((1.,0.,0.));
#1950=IFCAXIS2PLACEMENT3D(#1947,#1948,#1949);
#1951=IFCDIRECTION((0.,0.,1.));
#1952=IFCEXTRUDEDAREASOLID(#1946,#1950,#1951,2.7999999999999998);
#1953=IFCSHAPEREPRESENTATION(#17,'Body','SweptSolid',(#1952));
#1954=IFCPRODUCTDEFINITIONSHAPE($,$,(#1953));
#1960=IFCQUANTITYLENGTH('Length',$,$,2.7999999999999998,$);
#1961=IFCQUANTITYAREA('CrossSectionArea',$,$,0.0012500000000000002,$);
#1962=IFCQUANTITYVOLUME('GrossVolume',$,$,0.0035000000000000005,$);
#1963=IFCELEMENTQUANTITY('37u4ANcRfDigZ1$3jVAeMJ',#5,'Qto_MemberBaseQuantities',$,$,(#1960,#1961,#1962));
#1964=IFCRELDEFINESBYPROPERTIES('2yktx4onHByPV5$TEt2wtZ',#5,$,$,(#1937),#1963);
#1965=IFCOWNERHISTORY(#3,#4,.READWRITE.,.ADDED.,1778402983,#3,#4,1778402983);
#1966=IFCPROPERTYSET('3pyh65hrHAIBxJh8zTiWDo',#1965,'Pset_MemberCommon',$,(#1969,#1970,#1971));
#1967=IFCOWNERHISTORY(#3,#4,.READWRITE.,.ADDED.,1778402983,#3,#4,1778402983);
#1968=IFCRELDEFINESBYPROPERTIES('2suhYllwf098XbQC9AkcQV',#1967,$,$,(#1937),#1966);
#1969=IFCPROPERTYSINGLEVALUE('Reference',$,IFCIDENTIFIER('SS angle 50\X2\00D7\X0\50'),$);
#1970=IFCPROPERTYSINGLEVALUE('LoadBearing',$,IFCBOOLEAN(.F.),$);
#1971=IFCPROPERTYSINGLEVALUE('IsExternal',$,IFCBOOLEAN(.T.),$);
#1972=IFCOWNERHISTORY(#3,#4,.READWRITE.,.MODIFIED.,1778402983,#3,#4,1778402983);
#1973=IFCMEMBER('1VY4PUpL582w5iNLDQITTZ',#1972,'Curtain Wall \X2\2014\X0\ East Jamb R',$,$,#2064,#1990,$,$);
#1979=IFCCARTESIANPOINT((0.,0.));
#1980=IFCDIRECTION((1.,0.));
#1981=IFCAXIS2PLACEMENT2D(#1979,#1980);
#1982=IFCRECTANGLEPROFILEDEF(.AREA.,$,#1981,0.050000000000000003,0.025000000000000001);
#1983=IFCCARTESIANPOINT((0.,0.,0.));
#1984=IFCDIRECTION((0.,0.,1.));
#1985=IFCDIRECTION((1.,0.,0.));
#1986=IFCAXIS2PLACEMENT3D(#1983,#1984,#1985);
#1987=IFCDIRECTION((0.,0.,1.));
#1988=IFCEXTRUDEDAREASOLID(#1982,#1986,#1987,2.7999999999999998);
#1989=IFCSHAPEREPRESENTATION(#17,'Body','SweptSolid',(#1988));
#1990=IFCPRODUCTDEFINITIONSHAPE($,$,(#1989));
#1996=IFCQUANTITYLENGTH('Length',$,$,2.7999999999999998,$);
#1997=IFCQUANTITYAREA('CrossSectionArea',$,$,0.0012500000000000002,$);
#1998=IFCQUANTITYVOLUME('GrossVolume',$,$,0.0035000000000000005,$);
#1999=IFCELEMENTQUANTITY('2mpNuoj4P9Our5r0$Qh_hx',#5,'Qto_MemberBaseQuantities',$,$,(#1996,#1997,#1998));
#2000=IFCRELDEFINESBYPROPERTIES('0jYReEu0TBVOWQaCkhjoOU',#5,$,$,(#1973),#1999);
#2001=IFCOWNERHISTORY(#3,#4,.READWRITE.,.ADDED.,1778402983,#3,#4,1778402983);
#2002=IFCPROPERTYSET('3hGWyYRBv8WBSIHbWt25jv',#2001,'Pset_MemberCommon',$,(#2005,#2006,#2007));
#2003=IFCOWNERHISTORY(#3,#4,.READWRITE.,.ADDED.,1778402983,#3,#4,1778402983);
#2004=IFCRELDEFINESBYPROPERTIES('1Ljzt4mm91n9_l3cUwYGiT',#2003,$,$,(#1973),#2002);
#2005=IFCPROPERTYSINGLEVALUE('Reference',$,IFCIDENTIFIER('SS angle 50\X2\00D7\X0\50'),$);
#2006=IFCPROPERTYSINGLEVALUE('LoadBearing',$,IFCBOOLEAN(.F.),$);
#2007=IFCPROPERTYSINGLEVALUE('IsExternal',$,IFCBOOLEAN(.T.),$);
#2008=IFCOWNERHISTORY(#3,#4,.READWRITE.,.MODIFIED.,1778402983,#3,#4,1778402983);
#2009=IFCPLATE('1bRRyv5vPCHuOdXMplh6ec',#2008,'Curtain Wall \X2\2014\X0\ East Glass Panel',$,$,#2054,#2026,$,$);
#2015=IFCCARTESIANPOINT((0.,0.));
#2016=IFCDIRECTION((1.,0.));
#2017=IFCAXIS2PLACEMENT2D(#2015,#2016);
#2018=IFCRECTANGLEPROFILEDEF(.AREA.,$,#2017,8.6400000000000006,0.025000000000000001);
#2019=IFCCARTESIANPOINT((0.,0.,0.));
#2020=IFCDIRECTION((0.,0.,1.));
#2021=IFCDIRECTION((1.,0.,0.));
#2022=IFCAXIS2PLACEMENT3D(#2019,#2020,#2021);
#2023=IFCDIRECTION((0.,0.,1.));
#2024=IFCEXTRUDEDAREASOLID(#2018,#2022,#2023,2.7999999999999998);
#2025=IFCSHAPEREPRESENTATION(#17,'Body','SweptSolid',(#2024));
#2026=IFCPRODUCTDEFINITIONSHAPE($,$,(#2025));
#2032=IFCQUANTITYLENGTH('Width',$,$,8.6400000000000006,$);
#2033=IFCQUANTITYLENGTH('Height',$,$,2.7999999999999998,$);
#2034=IFCQUANTITYLENGTH('Thickness',$,$,0.025000000000000001,$);
#2035=IFCQUANTITYAREA('GrossArea',$,$,24.192,$);
#2036=IFCQUANTITYAREA('NetArea',$,$,24.192,$);
#2037=IFCQUANTITYVOLUME('GrossVolume',$,$,0.6048,$);
#2038=IFCELEMENTQUANTITY('0J0NesbDzCSOHQSNc7Xgsd',#5,'Qto_PlateBaseQuantities',$,$,(#2032,#2033,#2034,#2035,#2036,#2037));
#2039=IFCRELDEFINESBYPROPERTIES('1rCREVbO5E98NZMWszUqji',#5,$,$,(#2009),#2038);
#2040=IFCOWNERHISTORY(#3,#4,.READWRITE.,.ADDED.,1778402983,#3,#4,1778402983);
#2041=IFCPROPERTYSET('2UmHfK9S92uRvRTQqf$aOi',#2040,'Pset_PlateCommon',$,(#2044,#2045,#2046,#2047));
#2042=IFCOWNERHISTORY(#3,#4,.READWRITE.,.ADDED.,1778402983,#3,#4,1778402983);
#2043=IFCRELDEFINESBYPROPERTIES('3syq3Oc8j7BvdHR8rvmqF6',#2042,$,$,(#2009),#2041);
#2044=IFCPROPERTYSINGLEVALUE('Reference',$,IFCIDENTIFIER('Single-pane plate glass 25mm'),$);
#2045=IFCPROPERTYSINGLEVALUE('LoadBearing',$,IFCBOOLEAN(.F.),$);
#2046=IFCPROPERTYSINGLEVALUE('IsExternal',$,IFCBOOLEAN(.T.),$);
#2047=IFCPROPERTYSINGLEVALUE('ThermalTransmittance',$,IFCTHERMALTRANSMITTANCEMEASURE(5.7999999999999998),$);
#2048=IFCOWNERHISTORY(#3,#4,.READWRITE.,.ADDED.,1778402983,#3,#4,1778402983);
#2049=IFCRELAGGREGATES('2PLmUa7HT8_B$4rqx$NwQ4',#2048,$,$,#1853,(#2009,#1901,#1973,#1865,#1937));
#2050=IFCCARTESIANPOINT((0.050000000000000003,0.,0.050000000000000044));
#2051=IFCDIRECTION((0.,0.,1.));
#2052=IFCDIRECTION((1.,0.,0.));
#2053=IFCAXIS2PLACEMENT3D(#2050,#2051,#2052);
#2054=IFCLOCALPLACEMENT(#1863,#2053);
#2055=IFCCARTESIANPOINT((0.,0.,2.8500000000000001));
#2056=IFCDIRECTION((0.,0.,1.));
#2057=IFCDIRECTION((1.,0.,0.));
#2058=IFCAXIS2PLACEMENT3D(#2055,#2056,#2057);
#2059=IFCLOCALPLACEMENT(#1863,#2058);
#2060=IFCCARTESIANPOINT((8.6899999999999995,0.,0.050000000000000044));
#2061=IFCDIRECTION((0.,0.,1.));
#2062=IFCDIRECTION((1.,0.,0.));
#2063=IFCAXIS2PLACEMENT3D(#2060,#2061,#2062);
#2064=IFCLOCALPLACEMENT(#1863,#2063);
#2065=IFCCARTESIANPOINT((0.,0.,0.));
#2066=IFCDIRECTION((0.,0.,1.));
#2067=IFCDIRECTION((1.,0.,0.));
#2068=IFCAXIS2PLACEMENT3D(#2065,#2066,#2067);
#2069=IFCLOCALPLACEMENT(#1863,#2068);
#2070=IFCCARTESIANPOINT((0.,0.,0.050000000000000044));
#2071=IFCDIRECTION((0.,0.,1.));
#2072=IFCDIRECTION((1.,0.,0.));
#2073=IFCAXIS2PLACEMENT3D(#2070,#2071,#2072);
#2074=IFCLOCALPLACEMENT(#1863,#2073);
#2075=IFCOWNERHISTORY(#3,#4,.READWRITE.,.ADDED.,1778402983,#3,#4,1778402983);
#2076=IFCPROPERTYSET('2Hp3waD09Aew4922EkUygX',#2075,'Pset_CurtainWallCommon',$,(#2079,#2080,#2081));
#2077=IFCOWNERHISTORY(#3,#4,.READWRITE.,.ADDED.,1778402983,#3,#4,1778402983);
#2078=IFCRELDEFINESBYPROPERTIES('0dE1t2tzjFPBmyEEj6EvdF',#2077,$,$,(#1853),#2076);
#2079=IFCPROPERTYSINGLEVALUE('Reference',$,IFCIDENTIFIER('GLASS-CW-2900'),$);
#2080=IFCPROPERTYSINGLEVALUE('IsExternal',$,IFCBOOLEAN(.T.),$);
#2081=IFCPROPERTYSINGLEVALUE('LoadBearing',$,IFCBOOLEAN(.F.),$);
#2082=IFCQUANTITYLENGTH('Length',$,$,8.7400000000000002,$);
#2083=IFCQUANTITYLENGTH('Height',$,$,2.8999999999999999,$);
#2084=IFCQUANTITYAREA('GrossSideArea',$,$,25.346,$);
#2085=IFCQUANTITYAREA('NetSideArea',$,$,25.346,$);
#2086=IFCELEMENTQUANTITY('3SHsFGAkLDgAxTl1q9qFJC',#5,'Qto_WallBaseQuantities',$,$,(#2082,#2083,#2084,#2085));
#2087=IFCRELDEFINESBYPROPERTIES('1VMq0TybT2iR_NCzjJh0ot',#5,$,$,(#1853),#2086);
#2088=IFCOWNERHISTORY(#3,#4,.READWRITE.,.MODIFIED.,1778402983,#3,#4,1778402983);
#2089=IFCDOOR('2b44TIACn3ZxNW1teUfozN',#2088,'South Pivot Door',$,$,#2111,#2106,$,2.7000000000000002,0.90000000000000002,$,$,$);
#2095=IFCCARTESIANPOINT((0.,0.));
#2096=IFCDIRECTION((1.,0.));
#2097=IFCAXIS2PLACEMENT2D(#2095,#2096);
#2098=IFCRECTANGLEPROFILEDEF(.AREA.,$,#2097,0.90000000000000002,0.040000000000000001);
#2099=IFCCARTESIANPOINT((0.,0.,0.));
#2100=IFCDIRECTION((0.,0.,1.));
#2101=IFCDIRECTION((1.,0.,0.));
#2102=IFCAXIS2PLACEMENT3D(#2099,#2100,#2101);
#2103=IFCDIRECTION((0.,0.,1.));
#2104=IFCEXTRUDEDAREASOLID(#2098,#2102,#2103,2.7000000000000002);
#2105=IFCSHAPEREPRESENTATION(#17,'Body','SweptSolid',(#2104));
#2106=IFCPRODUCTDEFINITIONSHAPE($,$,(#2105));
#2107=IFCCARTESIANPOINT((14.447099999999999,-0.02,0.));
#2108=IFCDIRECTION((0.,0.,1.));
#2109=IFCDIRECTION((1.,0.,0.));
#2110=IFCAXIS2PLACEMENT3D(#2107,#2108,#2109);
#2111=IFCLOCALPLACEMENT(#126,#2110);
#2112=IFCOWNERHISTORY(#3,#4,.READWRITE.,.ADDED.,1778402983,#3,#4,1778402983);
#2113=IFCRELDEFINESBYTYPE('1VJ8Lz10j4Jv74daPAXslf',#2112,$,$,(#2089),#233);
#2114=IFCQUANTITYLENGTH('Width',$,$,0.90000000000000002,$);
#2115=IFCQUANTITYLENGTH('Height',$,$,2.7000000000000002,$);
#2116=IFCQUANTITYAREA('Area',$,$,2.4300000000000002,$);
#2117=IFCQUANTITYLENGTH('Perimeter',$,$,7.2000000000000002,$);
#2118=IFCELEMENTQUANTITY('3pP_vq15184xrAGhob0Msp',#5,'Qto_DoorBaseQuantities',$,$,(#2114,#2115,#2116,#2117));
#2119=IFCRELDEFINESBYPROPERTIES('0B5Ljw_0v8_BCnh2TbFKxS',#5,$,$,(#2089),#2118);
#2120=IFCOWNERHISTORY(#3,#4,.READWRITE.,.ADDED.,1778402983,#3,#4,1778402983);
#2121=IFCPROPERTYSET('23Xu4CrFD4RhGBbklPhfhm',#2120,'Pset_DoorCommon',$,(#2124,#2125,#2126,#2127,#2128,#2129));
#2122=IFCOWNERHISTORY(#3,#4,.READWRITE.,.ADDED.,1778402983,#3,#4,1778402983);
#2123=IFCRELDEFINESBYPROPERTIES('1vm7f3KeX8HuSkmTSAixGv',#2122,$,$,(#2089),#2121);
#2124=IFCPROPERTYSINGLEVALUE('Reference',$,IFCIDENTIFIER('Pivot \X2\2014\X0\ stainless frame + glass'),$);
#2125=IFCPROPERTYSINGLEVALUE('IsExternal',$,IFCBOOLEAN(.T.),$);
#2126=IFCPROPERTYSINGLEVALUE('FireRating',$,IFCLABEL(''),$);
#2127=IFCPROPERTYSINGLEVALUE('AcousticRating',$,IFCLABEL('Rw 30 dB'),$);
#2128=IFCPROPERTYSINGLEVALUE('ThermalTransmittance',$,IFCTHERMALTRANSMITTANCEMEASURE(5.5),$);
#2129=IFCPROPERTYSINGLEVALUE('Infiltration',$,IFCVOLUMETRICFLOWRATEMEASURE(0.5),$);
#2130=IFCOWNERHISTORY(#3,#4,.READWRITE.,.ADDED.,1778402983,#3,#4,1778402983);
#2131=IFCOPENINGELEMENT('3aRrF$t8XA0BuIrx17ksYk',#2130,'Door Opening',$,$,#2136,#2148,$,.OPENING.);
#2132=IFCCARTESIANPOINT((12.66315,-0.025000000000000001,0.));
#2133=IFCDIRECTION((0.,0.,1.));
#2134=IFCDIRECTION((1.,0.,0.));
#2135=IFCAXIS2PLACEMENT3D(#2132,#2133,#2134);
#2136=IFCLOCALPLACEMENT(#803,#2135);
#2137=IFCCARTESIANPOINT((0.,0.));
#2138=IFCDIRECTION((1.,0.));
#2139=IFCAXIS2PLACEMENT2D(#2137,#2138);
#2140=IFCRECTANGLEPROFILEDEF(.AREA.,$,#2139,0.90000000000000002,0.075000000000000011);
#2141=IFCCARTESIANPOINT((0.,0.,0.));
#2142=IFCDIRECTION((0.,0.,1.));
#2143=IFCDIRECTION((1.,0.,0.));
#2144=IFCAXIS2PLACEMENT3D(#2141,#2142,#2143);
#2145=IFCDIRECTION((0.,0.,1.));
#2146=IFCEXTRUDEDAREASOLID(#2140,#2144,#2145,2.7000000000000002);
#2147=IFCSHAPEREPRESENTATION(#17,'Body','SweptSolid',(#2146));
#2148=IFCPRODUCTDEFINITIONSHAPE($,$,(#2147));
#2149=IFCRELVOIDSELEMENT('3e9uSBgJb9yPe22LOTi1CN',#5,$,$,#1067,#2131);
#2150=IFCRELFILLSELEMENT('1n9SonOaL5qQ$JalQiK$59',#5,$,$,#2131,#2089);
#2151=IFCOWNERHISTORY(#3,#4,.READWRITE.,.ADDED.,1778402983,#3,#4,1778402983);
#2152=IFCPROPERTYSET('00BxU5F0T4X8LJqbNQEULZ',#2151,'Pset_OpeningElementCommon',$,(#2155,#2156));
#2153=IFCOWNERHISTORY(#3,#4,.READWRITE.,.ADDED.,1778402983,#3,#4,1778402983);
#2154=IFCRELDEFINESBYPROPERTIES('3v$7uUi$T5XRc3U6suviiK',#2153,$,$,(#2131),#2152);
#2155=IFCPROPERTYSINGLEVALUE('Reference',$,IFCIDENTIFIER('Door opening'),$);
#2156=IFCPROPERTYSINGLEVALUE('PurposeOfOpening',$,IFCLABEL('Pivot door for entry'),$);
#2157=IFCQUANTITYLENGTH('Width',$,$,0.90000000000000002,$);
#2158=IFCQUANTITYLENGTH('Height',$,$,2.7000000000000002,$);
#2159=IFCQUANTITYLENGTH('Depth',$,$,0.075000000000000011,$);
#2160=IFCQUANTITYAREA('Area',$,$,2.4300000000000002,$);
#2161=IFCQUANTITYVOLUME('Volume',$,$,0.18225000000000005,$);
#2162=IFCELEMENTQUANTITY('3slT5H_Kf7KhptwT6_0IVx',#5,'Qto_OpeningElementBaseQuantities',$,$,(#2157,#2158,#2159,#2160,#2161));
#2163=IFCRELDEFINESBYPROPERTIES('3b9DcNjCr6_xyiB5POXb1Z',#5,$,$,(#2131),#2162);
#2164=IFCOWNERHISTORY(#3,#4,.READWRITE.,.MODIFIED.,1778402983,#3,#4,1778402983);
#2165=IFCSTAIR('299uiE_h97qwPRAK5DRx16',#2164,'Stair \X2\2014\X0\ Grade to Terrace',$,$,#2175,$,$,$);
#2171=IFCCARTESIANPOINT((-18.460000000000001,3.6200000000000001,0.));
#2172=IFCDIRECTION((0.,0.,1.));
#2173=IFCDIRECTION((1.,0.,0.));
#2174=IFCAXIS2PLACEMENT3D(#2171,#2172,#2173);
#2175=IFCLOCALPLACEMENT(#121,#2174);
#2176=IFCOWNERHISTORY(#3,#4,.READWRITE.,.MODIFIED.,1778402983,#3,#4,1778402983);
#2177=IFCRELDEFINESBYTYPE('0SMi9N$hbCev4i36jp_Tk0',#2176,$,$,(#2289,#2165),#235);
#2178=IFCOWNERHISTORY(#3,#4,.READWRITE.,.MODIFIED.,1778402983,#3,#4,1778402983);
#2179=IFCSTAIRFLIGHT('1CA065FKz7qQPaegCpZ6vB',#2178,'Stair \X2\2014\X0\ Grade to Terrace \X2\2014\X0\ Flight 1',$,$,#2266,#2207,$,5,4,0.16,0.28000000000000003,$);
#2185=IFCCARTESIANPOINT((0.,0.));
#2186=IFCCARTESIANPOINT((0.,0.16));
#2187=IFCCARTESIANPOINT((0.28000000000000003,0.16));
#2188=IFCCARTESIANPOINT((0.28000000000000003,0.32000000000000001));
#2189=IFCCARTESIANPOINT((0.56000000000000005,0.32000000000000001));
#2190=IFCCARTESIANPOINT((0.56000000000000005,0.47999999999999998));
#2191=IFCCARTESIANPOINT((0.84000000000000008,0.47999999999999998));
#2192=IFCCARTESIANPOINT((0.84000000000000008,0.64000000000000001));
#2193=IFCCARTESIANPOINT((1.1200000000000001,0.64000000000000001));
#2194=IFCCARTESIANPOINT((1.1200000000000001,0.80000000000000004));
#2195=IFCCARTESIANPOINT((1.4000000000000001,0.80000000000000004));
#2196=IFCCARTESIANPOINT((1.4000000000000001,0.));
#2197=IFCCARTESIANPOINT((0.,0.));
#2198=IFCPOLYLINE((#2185,#2186,#2187,#2188,#2189,#2190,#2191,#2192,#2193,#2194,#2195,#2196,#2197));
#2199=IFCARBITRARYCLOSEDPROFILEDEF(.AREA.,'StairFlightSide',#2198);
#2200=IFCCARTESIANPOINT((0.,0.,0.));
#2201=IFCDIRECTION((0.,-1.,0.));
#2202=IFCDIRECTION((1.,0.,0.));
#2203=IFCAXIS2PLACEMENT3D(#2200,#2201,#2202);
#2204=IFCDIRECTION((0.,0.,-1.));
#2205=IFCEXTRUDEDAREASOLID(#2199,#2203,#2204,1.5);
#2206=IFCSHAPEREPRESENTATION(#17,'Body','SweptSolid',(#2205));
#2207=IFCPRODUCTDEFINITIONSHAPE($,$,(#2206));
#2208=IFCOWNERHISTORY(#3,#4,.READWRITE.,.MODIFIED.,1778402983,#3,#4,1778402983);
#2209=IFCRELDEFINESBYTYPE('2zEqlvJWrBjhXu40ODJeWl',#2208,$,$,(#2179,#2301),#237);
#2210=IFCQUANTITYCOUNT('NumberOfRiser',$,$,5.,$);
#2211=IFCQUANTITYCOUNT('NumberOfTreads',$,$,4.,$);
#2212=IFCQUANTITYLENGTH('Length',$,$,1.4000000000000001,$);
#2213=IFCQUANTITYLENGTH('Width',$,$,1.5,$);
#2214=IFCQUANTITYLENGTH('Rise',$,$,0.80000000000000004,$);
#2215=IFCQUANTITYAREA('GrossArea',$,$,2.1000000000000001,$);
#2216=IFCELEMENTQUANTITY('2oFKv7xyj4gO7ZJANbCXQE',#5,'Qto_StairFlightBaseQuantities',$,$,(#2210,#2211,#2212,#2213,#2214,#2215));
#2217=IFCRELDEFINESBYPROPERTIES('071QbPWR54$AsFt0EP5tHu',#5,$,$,(#2179),#2216);
#2218=IFCOWNERHISTORY(#3,#4,.READWRITE.,.ADDED.,1778402983,#3,#4,1778402983);
#2219=IFCPROPERTYSET('3tj1iKDP5AEP3tT9JChnVX',#2218,'Pset_StairFlightCommon',$,(#2222));
#2220=IFCOWNERHISTORY(#3,#4,.READWRITE.,.ADDED.,1778402983,#3,#4,1778402983);
#2221=IFCRELDEFINESBYPROPERTIES('0gNP8CC9z4nOXx2$UIrqL5',#2220,$,$,(#2179),#2219);
#2222=IFCPROPERTYSINGLEVALUE('Reference',$,IFCIDENTIFIER('Travertine treads, single flight'),$);
#2223=IFCOWNERHISTORY(#3,#4,.READWRITE.,.MODIFIED.,1778402983,#3,#4,1778402983);
#2224=IFCRAILING('2QE1L$R_D1A8jzGrvEVHNq',#2223,'Stair \X2\2014\X0\ Grade to Terrace \X2\2014\X0\ Handrail',$,$,#2271,#2241,$,$);
#2230=IFCCARTESIANPOINT((0.,0.));
#2231=IFCDIRECTION((1.,0.));
#2232=IFCAXIS2PLACEMENT2D(#2230,#2231);
#2233=IFCRECTANGLEPROFILEDEF(.AREA.,$,#2232,1.4000000000000001,0.040000000000000001);
#2234=IFCCARTESIANPOINT((0.,0.,0.));
#2235=IFCDIRECTION((0.,0.,1.));
#2236=IFCDIRECTION((1.,0.,0.));
#2237=IFCAXIS2PLACEMENT3D(#2234,#2235,#2236);
#2238=IFCDIRECTION((0.,0.,1.));
#2239=IFCEXTRUDEDAREASOLID(#2233,#2237,#2238,0.040000000000000001);
#2240=IFCSHAPEREPRESENTATION(#17,'Body','SweptSolid',(#2239));
#2241=IFCPRODUCTDEFINITIONSHAPE($,$,(#2240));
#2247=IFCOWNERHISTORY(#3,#4,.READWRITE.,.MODIFIED.,1778402983,#3,#4,1778402983);
#2248=IFCRELDEFINESBYTYPE('1_1_X_9oD1Pgz0Hcahbdyt',#2247,$,$,(#2224,#2344),#239);
#2249=IFCOWNERHISTORY(#3,#4,.READWRITE.,.ADDED.,1778402983,#3,#4,1778402983);
#2250=IFCPROPERTYSET('1YJjWy4hP02ABP__y4EvCq',#2249,'Pset_RailingCommon',$,(#2253,#2254,#2255));
#2251=IFCOWNERHISTORY(#3,#4,.READWRITE.,.ADDED.,1778402983,#3,#4,1778402983);
#2252=IFCRELDEFINESBYPROPERTIES('3wwnkIB2f16BJ6gMDTZv0C',#2251,$,$,(#2224),#2250);
#2253=IFCPROPERTYSINGLEVALUE('Reference',$,IFCIDENTIFIER('Stainless rail 40\X2\00D7\X0\40'),$);
#2254=IFCPROPERTYSINGLEVALUE('Height',$,IFCPOSITIVELENGTHMEASURE(0.90000000000000002),$);
#2255=IFCPROPERTYSINGLEVALUE('IsExternal',$,IFCBOOLEAN(.T.),$);
#2256=IFCQUANTITYLENGTH('Length',$,$,1.4000000000000001,$);
#2257=IFCQUANTITYLENGTH('Height',$,$,0.90000000000000002,$);
#2258=IFCELEMENTQUANTITY('1nVCszZaj4zBAw4b0T1Y0v',#5,'Qto_RailingBaseQuantities',$,$,(#2256,#2257));
#2259=IFCRELDEFINESBYPROPERTIES('3Jzgks$vLBZgjEFWBp1l1x',#5,$,$,(#2224),#2258);
#2260=IFCOWNERHISTORY(#3,#4,.READWRITE.,.ADDED.,1778402983,#3,#4,1778402983);
#2261=IFCRELAGGREGATES('3GFlUgTjj4txvtWtVTcKs0',#2260,$,$,#2165,(#2179,#2224));
#2262=IFCCARTESIANPOINT((0.,0.,0.));
#2263=IFCDIRECTION((0.,0.,1.));
#2264=IFCDIRECTION((1.,0.,0.));
#2265=IFCAXIS2PLACEMENT3D(#2262,#2263,#2264);
#2266=IFCLOCALPLACEMENT(#2175,#2265);
#2267=IFCCARTESIANPOINT((0.,1.46,1.6600000000000001));
#2268=IFCDIRECTION((0.,0.,1.));
#2269=IFCDIRECTION((1.,0.,0.));
#2270=IFCAXIS2PLACEMENT3D(#2267,#2268,#2269);
#2271=IFCLOCALPLACEMENT(#2175,#2270);
#2272=IFCOWNERHISTORY(#3,#4,.READWRITE.,.ADDED.,1778402983,#3,#4,1778402983);
#2273=IFCPROPERTYSET('0lZ$VN07X19OZmMUnFAwmr',#2272,'Pset_StairCommon',$,(#2276,#2277,#2278,#2279,#2280,#2281));
#2274=IFCOWNERHISTORY(#3,#4,.READWRITE.,.ADDED.,1778402983,#3,#4,1778402983);
#2275=IFCRELDEFINESBYPROPERTIES('07reICj2X7XwJfEPDGCn1S',#2274,$,$,(#2165),#2273);
#2276=IFCPROPERTYSINGLEVALUE('Reference',$,IFCIDENTIFIER('Stair \X2\2014\X0\ Grade to Terrace'),$);
#2277=IFCPROPERTYSINGLEVALUE('IsExternal',$,IFCBOOLEAN(.T.),$);
#2278=IFCPROPERTYSINGLEVALUE('NumberOfRiser',$,IFCCOUNTMEASURE(5.),$);
#2279=IFCPROPERTYSINGLEVALUE('NumberOfTreads',$,IFCCOUNTMEASURE(4.),$);
#2280=IFCPROPERTYSINGLEVALUE('RiserHeight',$,IFCPOSITIVELENGTHMEASURE(0.16),$);
#2281=IFCPROPERTYSINGLEVALUE('TreadLength',$,IFCPOSITIVELENGTHMEASURE(0.28000000000000003),$);
#2282=IFCQUANTITYCOUNT('NumberOfRiser',$,$,5.,$);
#2283=IFCQUANTITYLENGTH('Length',$,$,1.4000000000000001,$);
#2284=IFCQUANTITYLENGTH('Width',$,$,1.5,$);
#2285=IFCQUANTITYAREA('GrossArea',$,$,2.1000000000000001,$);
#2286=IFCELEMENTQUANTITY('00QFXv_3r9MR0yeNxxSpX7',#5,'Qto_StairBaseQuantities',$,$,(#2282,#2283,#2284,#2285));
#2287=IFCRELDEFINESBYPROPERTIES('3$uuOQRtTCZeTjx5iumZHW',#5,$,$,(#2165),#2286);
#2288=IFCOWNERHISTORY(#3,#4,.READWRITE.,.MODIFIED.,1778402983,#3,#4,1778402983);
#2289=IFCSTAIR('2EB90olszCoQuQeOylFbwP',#2288,'Stair \X2\2014\X0\ Terrace to Main',$,$,#2299,$,$,$);
#2295=IFCCARTESIANPOINT((-1.4000000000000001,3.6200000000000001,0.));
#2296=IFCDIRECTION((0.,0.,1.));
#2297=IFCDIRECTION((1.,0.,0.));
#2298=IFCAXIS2PLACEMENT3D(#2295,#2296,#2297);
#2299=IFCLOCALPLACEMENT(#111,#2298);
#2300=IFCOWNERHISTORY(#3,#4,.READWRITE.,.MODIFIED.,1778402983,#3,#4,1778402983);
#2301=IFCSTAIRFLIGHT('0590es9kzEYOPyEqwclySz',#2300,'Stair \X2\2014\X0\ Terrace to Main \X2\2014\X0\ Flight 1',$,$,#2389,#2329,$,5,4,0.16,0.28000000000000003,$);
#2307=IFCCARTESIANPOINT((0.,0.));
#2308=IFCCARTESIANPOINT((0.,0.16));
#2309=IFCCARTESIANPOINT((0.28000000000000003,0.16));
#2310=IFCCARTESIANPOINT((0.28000000000000003,0.32000000000000001));
#2311=IFCCARTESIANPOINT((0.56000000000000005,0.32000000000000001));
#2312=IFCCARTESIANPOINT((0.56000000000000005,0.47999999999999998));
#2313=IFCCARTESIANPOINT((0.84000000000000008,0.47999999999999998));
#2314=IFCCARTESIANPOINT((0.84000000000000008,0.64000000000000001));
#2315=IFCCARTESIANPOINT((1.1200000000000001,0.64000000000000001));
#2316=IFCCARTESIANPOINT((1.1200000000000001,0.80000000000000004));
#2317=IFCCARTESIANPOINT((1.4000000000000001,0.80000000000000004));
#2318=IFCCARTESIANPOINT((1.4000000000000001,0.));
#2319=IFCCARTESIANPOINT((0.,0.));
#2320=IFCPOLYLINE((#2307,#2308,#2309,#2310,#2311,#2312,#2313,#2314,#2315,#2316,#2317,#2318,#2319));
#2321=IFCARBITRARYCLOSEDPROFILEDEF(.AREA.,'StairFlightSide',#2320);
#2322=IFCCARTESIANPOINT((0.,0.,0.));
#2323=IFCDIRECTION((0.,-1.,0.));
#2324=IFCDIRECTION((1.,0.,0.));
#2325=IFCAXIS2PLACEMENT3D(#2322,#2323,#2324);
#2326=IFCDIRECTION((0.,0.,-1.));
#2327=IFCEXTRUDEDAREASOLID(#2321,#2325,#2326,1.5);
#2328=IFCSHAPEREPRESENTATION(#17,'Body','SweptSolid',(#2327));
#2329=IFCPRODUCTDEFINITIONSHAPE($,$,(#2328));
#2330=IFCQUANTITYCOUNT('NumberOfRiser',$,$,5.,$);
#2331=IFCQUANTITYCOUNT('NumberOfTreads',$,$,4.,$);
#2332=IFCQUANTITYLENGTH('Length',$,$,1.4000000000000001,$);
#2333=IFCQUANTITYLENGTH('Width',$,$,1.5,$);
#2334=IFCQUANTITYLENGTH('Rise',$,$,0.80000000000000004,$);
#2335=IFCQUANTITYAREA('GrossArea',$,$,2.1000000000000001,$);
#2336=IFCELEMENTQUANTITY('3fN1Bdwfz7FhswVk62Iq$A',#5,'Qto_StairFlightBaseQuantities',$,$,(#2330,#2331,#2332,#2333,#2334,#2335));
#2337=IFCRELDEFINESBYPROPERTIES('37Udv42hH94whh0E4xSs06',#5,$,$,(#2301),#2336);
#2338=IFCOWNERHISTORY(#3,#4,.READWRITE.,.ADDED.,1778402983,#3,#4,1778402983);
#2339=IFCPROPERTYSET('23Xo2ArdT4Bxex_ayhL7cf',#2338,'Pset_StairFlightCommon',$,(#2342));
#2340=IFCOWNERHISTORY(#3,#4,.READWRITE.,.ADDED.,1778402983,#3,#4,1778402983);
#2341=IFCRELDEFINESBYPROPERTIES('1AvyAm96D65Bacad3BFDsQ',#2340,$,$,(#2301),#2339);
#2342=IFCPROPERTYSINGLEVALUE('Reference',$,IFCIDENTIFIER('Travertine treads, single flight'),$);
#2343=IFCOWNERHISTORY(#3,#4,.READWRITE.,.MODIFIED.,1778402983,#3,#4,1778402983);
#2344=IFCRAILING('1lMmuXx0X1tBi1RkiHY6_9',#2343,'Stair \X2\2014\X0\ Terrace to Main \X2\2014\X0\ Handrail',$,$,#2384,#2361,$,$);
#2350=IFCCARTESIANPOINT((0.,0.));
#2351=IFCDIRECTION((1.,0.));
#2352=IFCAXIS2PLACEMENT2D(#2350,#2351);
#2353=IFCRECTANGLEPROFILEDEF(.AREA.,$,#2352,1.4000000000000001,0.040000000000000001);
#2354=IFCCARTESIANPOINT((0.,0.,0.));
#2355=IFCDIRECTION((0.,0.,1.));
#2356=IFCDIRECTION((1.,0.,0.));
#2357=IFCAXIS2PLACEMENT3D(#2354,#2355,#2356);
#2358=IFCDIRECTION((0.,0.,1.));
#2359=IFCEXTRUDEDAREASOLID(#2353,#2357,#2358,0.040000000000000001);
#2360=IFCSHAPEREPRESENTATION(#17,'Body','SweptSolid',(#2359));
#2361=IFCPRODUCTDEFINITIONSHAPE($,$,(#2360));
#2367=IFCOWNERHISTORY(#3,#4,.READWRITE.,.ADDED.,1778402983,#3,#4,1778402983);
#2368=IFCPROPERTYSET('3JPnuo$_j8dwkNmk0GG6gy',#2367,'Pset_RailingCommon',$,(#2371,#2372,#2373));
#2369=IFCOWNERHISTORY(#3,#4,.READWRITE.,.ADDED.,1778402983,#3,#4,1778402983);
#2370=IFCRELDEFINESBYPROPERTIES('1kePGAgtjCKRgjxKpFniju',#2369,$,$,(#2344),#2368);
#2371=IFCPROPERTYSINGLEVALUE('Reference',$,IFCIDENTIFIER('Stainless rail 40\X2\00D7\X0\40'),$);
#2372=IFCPROPERTYSINGLEVALUE('Height',$,IFCPOSITIVELENGTHMEASURE(0.90000000000000002),$);
#2373=IFCPROPERTYSINGLEVALUE('IsExternal',$,IFCBOOLEAN(.T.),$);
#2374=IFCQUANTITYLENGTH('Length',$,$,1.4000000000000001,$);
#2375=IFCQUANTITYLENGTH('Height',$,$,0.90000000000000002,$);
#2376=IFCELEMENTQUANTITY('0CkUBBJTb2T9fAOkWXcK6w',#5,'Qto_RailingBaseQuantities',$,$,(#2374,#2375));
#2377=IFCRELDEFINESBYPROPERTIES('1_Fas67Q90au$I0S38Y47P',#5,$,$,(#2344),#2376);
#2378=IFCOWNERHISTORY(#3,#4,.READWRITE.,.ADDED.,1778402983,#3,#4,1778402983);
#2379=IFCRELAGGREGATES('0QP4EbFs17nwnY3Ys_rdr7',#2378,$,$,#2289,(#2344,#2301));
#2380=IFCCARTESIANPOINT((0.,1.46,1.6599999999999999));
#2381=IFCDIRECTION((0.,0.,1.));
#2382=IFCDIRECTION((1.,0.,0.));
#2383=IFCAXIS2PLACEMENT3D(#2380,#2381,#2382);
#2384=IFCLOCALPLACEMENT(#2299,#2383);
#2385=IFCCARTESIANPOINT((0.,0.,0.));
#2386=IFCDIRECTION((0.,0.,1.));
#2387=IFCDIRECTION((1.,0.,0.));
#2388=IFCAXIS2PLACEMENT3D(#2385,#2386,#2387);
#2389=IFCLOCALPLACEMENT(#2299,#2388);
#2390=IFCOWNERHISTORY(#3,#4,.READWRITE.,.ADDED.,1778402983,#3,#4,1778402983);
#2391=IFCPROPERTYSET('0q_vh$g2bBrhSIn7UTpmIp',#2390,'Pset_StairCommon',$,(#2394,#2395,#2396,#2397,#2398,#2399));
#2392=IFCOWNERHISTORY(#3,#4,.READWRITE.,.ADDED.,1778402983,#3,#4,1778402983);
#2393=IFCRELDEFINESBYPROPERTIES('2jgz6IE511yP3zXK7pG8jr',#2392,$,$,(#2289),#2391);
#2394=IFCPROPERTYSINGLEVALUE('Reference',$,IFCIDENTIFIER('Stair \X2\2014\X0\ Terrace to Main'),$);
#2395=IFCPROPERTYSINGLEVALUE('IsExternal',$,IFCBOOLEAN(.T.),$);
#2396=IFCPROPERTYSINGLEVALUE('NumberOfRiser',$,IFCCOUNTMEASURE(5.),$);
#2397=IFCPROPERTYSINGLEVALUE('NumberOfTreads',$,IFCCOUNTMEASURE(4.),$);
#2398=IFCPROPERTYSINGLEVALUE('RiserHeight',$,IFCPOSITIVELENGTHMEASURE(0.16),$);
#2399=IFCPROPERTYSINGLEVALUE('TreadLength',$,IFCPOSITIVELENGTHMEASURE(0.28000000000000003),$);
#2400=IFCQUANTITYCOUNT('NumberOfRiser',$,$,5.,$);
#2401=IFCQUANTITYLENGTH('Length',$,$,1.4000000000000001,$);
#2402=IFCQUANTITYLENGTH('Width',$,$,1.5,$);
#2403=IFCQUANTITYAREA('GrossArea',$,$,2.1000000000000001,$);
#2404=IFCELEMENTQUANTITY('1C_yT0FJT7X9XpgaZvjWPE',#5,'Qto_StairBaseQuantities',$,$,(#2400,#2401,#2402,#2403));
#2405=IFCRELDEFINESBYPROPERTIES('283deBUCD12w6kVlSV3q$p',#5,$,$,(#2289),#2404);
#2406=IFCOWNERHISTORY(#3,#4,.READWRITE.,.MODIFIED.,1778402983,#3,#4,1778402983);
#2407=IFCSPACE('3jbPUOD4D29fx6EY7EtiAW',#2406,'Pavilion (universal space)',$,$,#2431,#2424,'Mies''s universal space \X2\2014\X0\ single open living volume',$,$,$);
#2413=IFCCARTESIANPOINT((0.,0.));
#2414=IFCDIRECTION((1.,0.));
#2415=IFCAXIS2PLACEMENT2D(#2413,#2414);
#2416=IFCRECTANGLEPROFILEDEF(.AREA.,$,#2415,19.8521,8.6899999999999995);
#2417=IFCCARTESIANPOINT((0.,0.,0.));
#2418=IFCDIRECTION((0.,0.,1.));
#2419=IFCDIRECTION((1.,0.,0.));
#2420=IFCAXIS2PLACEMENT3D(#2417,#2418,#2419);
#2421=IFCDIRECTION((0.,0.,1.));
#2422=IFCEXTRUDEDAREASOLID(#2416,#2420,#2421,2.8999999999999999);
#2423=IFCSHAPEREPRESENTATION(#17,'Body','SweptSolid',(#2422));
#2424=IFCPRODUCTDEFINITIONSHAPE($,$,(#2423));
#2425=IFCOWNERHISTORY(#3,#4,.READWRITE.,.ADDED.,1778402983,#3,#4,1778402983);
#2426=IFCRELAGGREGATES('1txFeIA011MQXGMnIbnV5n',#2425,$,$,#53,(#2407));
#2427=IFCCARTESIANPOINT((1.8089499999999998,0.025000000000000001,0.));
#2428=IFCDIRECTION((0.,0.,1.));
#2429=IFCDIRECTION((1.,0.,0.));
#2430=IFCAXIS2PLACEMENT3D(#2427,#2428,#2429);
#2431=IFCLOCALPLACEMENT(#126,#2430);
#2432=IFCOWNERHISTORY(#3,#4,.READWRITE.,.ADDED.,1778402983,#3,#4,1778402983);
#2433=IFCRELDEFINESBYTYPE('174IvNNLr75PJoGuL8gLiY',#2432,$,$,(#2407),#241);
#2434=IFCQUANTITYLENGTH('Height',$,$,2.8999999999999999,$);
#2435=IFCQUANTITYAREA('GrossFloorArea',$,$,172.51474899999999,$);
#2436=IFCQUANTITYAREA('NetFloorArea',$,$,172.51474899999999,$);
#2437=IFCQUANTITYVOLUME('GrossVolume',$,$,500.29277209999998,$);
#2438=IFCQUANTITYVOLUME('NetVolume',$,$,500.29277209999998,$);
#2439=IFCQUANTITYLENGTH('GrossPerimeter',$,$,57.084199999999996,$);
#2440=IFCELEMENTQUANTITY('29gep$vsf2afgSB736Bq5L',#5,'Qto_SpaceBaseQuantities',$,$,(#2434,#2435,#2436,#2437,#2438,#2439));
#2441=IFCRELDEFINESBYPROPERTIES('0_BiQXGw9E0xLKxZcHfNYQ',#5,$,$,(#2407),#2440);
#2442=IFCOWNERHISTORY(#3,#4,.READWRITE.,.ADDED.,1778402983,#3,#4,1778402983);
#2443=IFCPROPERTYSET('3Soa3hsoP5fwKftTqpAHwB',#2442,'Pset_SpaceCommon',$,(#2446,#2447,#2448,#2449));
#2444=IFCOWNERHISTORY(#3,#4,.READWRITE.,.ADDED.,1778402983,#3,#4,1778402983);
#2445=IFCRELDEFINESBYPROPERTIES('0uNrbopc58jhAwgnjFHX86',#2444,$,$,(#2407),#2443);
#2446=IFCPROPERTYSINGLEVALUE('Reference',$,IFCIDENTIFIER('Living/Dining/Kitchen open plan'),$);
#2447=IFCPROPERTYSINGLEVALUE('IsExternal',$,IFCBOOLEAN(.F.),$);
#2448=IFCPROPERTYSINGLEVALUE('PubliclyAccessible',$,IFCBOOLEAN(.F.),$);
#2449=IFCPROPERTYSINGLEVALUE('HandicapAccessible',$,IFCBOOLEAN(.F.),$);
#2450=IFCRELSPACEBOUNDARY('2Dr88ib41CzxI3rI$cYpbz',#5,'Boundary: Pavilion (universal space) <-> Curtain Wall \X2\2014\X0\ South','side=south',#2407,#793,$,.PHYSICAL.,.EXTERNAL.);
#2451=IFCRELSPACEBOUNDARY('0mikH0Myb2QAIitUGAkpvG',#5,'Boundary: Pavilion (universal space) <-> Curtain Wall \X2\2014\X0\ North','side=north',#2407,#1208,$,.PHYSICAL.,.EXTERNAL.);
#2452=IFCRELSPACEBOUNDARY('1oo086ZZLAUvIpOOA_W$Hv',#5,'Boundary: Pavilion (universal space) <-> Curtain Wall \X2\2014\X0\ West','side=west',#2407,#1617,$,.PHYSICAL.,.EXTERNAL.);
#2453=IFCRELSPACEBOUNDARY('0pAeGbKbn0APizzbyu7tDU',#5,'Boundary: Pavilion (universal space) <-> Curtain Wall \X2\2014\X0\ East','side=east',#2407,#1853,$,.PHYSICAL.,.EXTERNAL.);
#2454=IFCRELSPACEBOUNDARY('1OswdTkFXCWeCgHBupWSQ7',#5,'Boundary: Pavilion (universal space) <-> Main Floor Slab','side=floor',#2407,#395,$,.PHYSICAL.,.INTERNAL.);
#2455=IFCRELSPACEBOUNDARY('0D_DLP6Gv4ch8YdVWlCko8',#5,'Boundary: Pavilion (universal space) <-> Roof Slab','side=ceiling',#2407,#441,$,.PHYSICAL.,.INTERNAL.);
#2456=IFCOWNERHISTORY(#3,#4,.READWRITE.,.ADDED.,1778402983,#3,#4,1778402983);
#2457=IFCPROPERTYSET('1QPjgh2Bv8SvVonJOlR5_v',#2456,'Pset_ProjectCommon',$,(#2460,#2461));
#2458=IFCOWNERHISTORY(#3,#4,.READWRITE.,.ADDED.,1778402983,#3,#4,1778402983);
#2459=IFCRELDEFINESBYPROPERTIES('2GtbEH7l96nwFHq9c$7Aaf',#2458,$,$,(#7),#2457);
#2460=IFCPROPERTYSINGLEVALUE('Phase',$,IFCLABEL('As-built reference'),$);
#2461=IFCPROPERTYSINGLEVALUE('Reference',$,IFCLABEL('IFC4 LOD 350 \X2\2014\X0\ full BIM'),$);
#2462=IFCOWNERHISTORY(#3,#4,.READWRITE.,.ADDED.,1778402983,#3,#4,1778402983);
#2463=IFCPROPERTYSET('2pwvad3pfFWP9De9Vm_ZrC',#2462,'Pset_BuildingCommon',$,(#2466,#2467,#2468,#2469,#2470));
#2464=IFCOWNERHISTORY(#3,#4,.READWRITE.,.ADDED.,1778402983,#3,#4,1778402983);
#2465=IFCRELDEFINESBYPROPERTIES('0IQ2zQDFr4gg$st9OAF__V',#2464,$,$,(#32),#2463);
#2466=IFCPROPERTYSINGLEVALUE('BuildingID',$,IFCIDENTIFIER('FARNSWORTH-1951'),$);
#2467=IFCPROPERTYSINGLEVALUE('IsLandmarked',$,IFCLOGICAL(.U.),$);
#2468=IFCPROPERTYSINGLEVALUE('NumberOfStoreys',$,IFCINTEGER(1),$);
#2469=IFCPROPERTYSINGLEVALUE('GrossPlannedArea',$,IFCAREAMEASURE(205.12780000000001),$);
#2470=IFCPROPERTYSINGLEVALUE('OccupancyType',$,IFCLABEL('Single family residence'),$);
ENDSEC;
END-ISO-10303-21;
